name,season,min_ph,max_ph,min_rainfall,max_rainfall,yield_per_acre
Rice,Kharif,5.38,6.85,155,306,17.2
Rice,Kharif,5.3,7.17,144,291,20.5
Rice,Kharif,5.49,6.81,151,307,20.4
Rice,Kharif,5.36,7.03,151,293,19
Rice,Kharif,5.51,7.07,140,295,21
Rice,Kharif,5.43,7.15,152,304,19.3
Rice,Kharif,5.7,7.12,156,299,18
Rice,Kharif,5.43,7.02,159,297,22.2
Rice,Kharif,5.51,6.81,146,295,18.1
Rice,Kharif,5.35,6.99,149,298,19.7
Rice,Kharif,5.34,6.89,158,294,19.5
Rice,Kharif,5.67,7.07,147,296,20.8
Rice,Kharif,5.46,7.05,159,292,17.7
Rice,Kharif,5.66,7.2,149,290,17.8
Rice,Kharif,5.42,6.99,154,293,19.5
Rice,Kharif,5.41,7.11,150,307,22.7
Rice,Kharif,5.49,7.2,141,302,21.5
Rice,Kharif,5.63,7.18,150,300,20.3
Rice,Kharif,5.34,6.89,149,299,22.1
Rice,Kharif,5.39,6.95,142,295,18.2
Rice,Kharif,5.35,6.9,143,295,17.3
Rice,Kharif,5.35,6.98,158,300,17.8
Rice,Kharif,5.5,6.87,145,290,19.6
Rice,Kharif,5.42,6.88,143,302,17.5
Rice,Kharif,5.39,6.95,153,291,20.9
Rice,Kharif,5.45,6.95,141,309,17.6
Rice,Kharif,5.5,6.81,141,300,21.7
Rice,Kharif,5.64,7.06,155,300,19.8
Rice,Kharif,5.52,7.17,148,298,22.2
Rice,Kharif,5.68,7.19,151,293,21.9
Rice,Kharif,5.36,7.01,147,294,17.5
Rice,Kharif,5.37,7.08,153,295,21.1
Rice,Kharif,5.53,6.92,143,305,18.7
Rice,Kharif,5.31,6.81,157,306,18.7
Rice,Kharif,5.37,6.86,158,299,18.9
Rice,Kharif,5.43,7.05,145,301,22.9
Rice,Kharif,5.34,6.9,145,298,18.1
Rice,Kharif,5.68,7.11,142,299,20.1
Rice,Kharif,5.6,7,151,308,20.9
Rice,Kharif,5.67,6.9,154,299,21.5
Rice,Kharif,5.32,7.02,149,304,21
Rice,Kharif,5.3,6.98,142,296,21.9
Rice,Kharif,5.38,6.89,140,291,20.3
Rice,Kharif,5.34,6.84,142,302,22.3
Rice,Kharif,5.45,7.01,143,302,17.6
Rice,Kharif,5.43,7.17,155,294,17.1
Rice,Kharif,5.61,6.91,153,305,19.2
Rice,Kharif,5.58,7.13,140,309,19.1
Rice,Kharif,5.46,6.83,140,294,20.8
Rice,Kharif,5.65,7.12,149,304,21
Rice,Kharif,5.68,6.82,145,308,17.7
Rice,Kharif,5.47,7.08,149,299,20.5
Rice,Kharif,5.63,7.18,155,296,22
Rice,Kharif,5.39,6.89,152,300,21.4
Rice,Kharif,5.69,6.98,142,291,21.4
Rice,Kharif,5.65,6.91,158,296,19.7
Rice,Kharif,5.59,7.05,151,304,22.8
Rice,Kharif,5.69,7.12,141,300,19
Rice,Kharif,5.52,7.11,149,307,17.9
Rice,Kharif,5.46,6.98,154,297,17.6
Rice,Kharif,5.59,7.19,146,301,18.5
Rice,Kharif,5.63,7.1,143,292,18.7
Rice,Kharif,5.64,7,158,290,17.8
Rice,Kharif,5.67,6.93,155,295,20.4
Rice,Kharif,5.37,6.81,159,303,17.6
Rice,Kharif,5.45,6.95,140,293,19
Rice,Kharif,5.48,7,155,295,22.7
Rice,Kharif,5.52,7.15,159,301,17.9
Rice,Kharif,5.62,7.12,141,302,18.5
Rice,Kharif,5.59,7.09,148,300,19.8
Rice,Kharif,5.4,7.01,152,307,20.3
Rice,Kharif,5.56,7,149,297,17.5
Rice,Kharif,5.52,6.93,159,301,19.9
Rice,Kharif,5.42,6.97,148,297,19
Rice,Kharif,5.67,7.16,140,301,18.7
Rice,Kharif,5.51,7.14,158,291,18.7
Rice,Kharif,5.42,7.15,146,294,22.2
Rice,Kharif,5.53,6.99,156,290,18.7
Rice,Kharif,5.32,7.03,150,292,20.8
Rice,Kharif,5.54,7,155,294,18.2
Rice,Kharif,5.56,7.01,149,307,18.3
Rice,Kharif,5.61,6.87,158,298,19.9
Rice,Kharif,5.47,7.13,144,290,19.2
Rice,Kharif,5.44,6.87,148,309,20.6
Rice,Kharif,5.52,6.97,142,292,22.2
Rice,Kharif,5.66,7.12,150,290,18.9
Rice,Kharif,5.49,7.17,149,293,19.7
Rice,Kharif,5.66,6.94,153,305,17.8
Rice,Kharif,5.31,6.8,151,293,21.5
Rice,Kharif,5.5,6.84,152,304,20.4
Rice,Kharif,5.6,6.94,145,291,22.5
Rice,Kharif,5.48,7.04,147,309,20
Rice,Kharif,5.38,7.01,148,305,20.3
Rice,Kharif,5.58,7.12,150,296,21.9
Rice,Kharif,5.36,7.08,144,304,21.2
Rice,Kharif,5.34,7.12,143,306,18.6
Rice,Kharif,5.37,7.07,148,305,21.1
Rice,Kharif,5.65,6.82,141,292,21.4
Rice,Kharif,5.47,7.15,153,293,17.9
Rice,Kharif,5.38,6.86,156,307,17.8
Wheat,Rabi,6.18,7.5,45,118,17.7
Wheat,Rabi,5.85,7.6,42,117,20.4
Wheat,Rabi,5.87,7.42,57,122,20.8
Wheat,Rabi,5.84,7.54,48,119,20.3
Wheat,Rabi,6.14,7.45,54,118,20.5
Wheat,Rabi,5.93,7.43,43,125,20.6
Wheat,Rabi,5.96,7.48,59,117,19.4
Wheat,Rabi,6.14,7.33,41,120,17
Wheat,Rabi,6.03,7.35,48,127,18.7
Wheat,Rabi,6.13,7.63,53,115,19.8
Wheat,Rabi,5.89,7.49,53,119,20.5
Wheat,Rabi,6.16,7.35,47,123,19.7
Wheat,Rabi,5.83,7.3,59,123,20
Wheat,Rabi,6.08,7.49,42,128,18.8
Wheat,Rabi,5.9,7.41,59,129,17.9
Wheat,Rabi,5.97,7.61,53,116,16.9
Wheat,Rabi,5.86,7.48,48,121,20
Wheat,Rabi,6.12,7.63,44,116,15.9
Wheat,Rabi,5.96,7.57,42,124,20.8
Wheat,Rabi,6.07,7.47,46,117,19.1
Wheat,Rabi,5.85,7.34,45,118,21
Wheat,Rabi,5.97,7.44,57,121,20.2
Wheat,Rabi,5.93,7.64,59,127,20.1
Wheat,Rabi,6.11,7.59,56,112,16.9
Wheat,Rabi,5.9,7.53,44,121,17
Wheat,Rabi,6.16,7.57,41,113,15.3
Wheat,Rabi,5.83,7.69,51,129,20
Wheat,Rabi,6.12,7.55,57,113,19.1
Wheat,Rabi,6.19,7.54,46,110,19.5
Wheat,Rabi,6.11,7.65,52,115,21
Wheat,Rabi,6.16,7.34,45,121,16.1
Wheat,Rabi,6.15,7.6,53,118,16.9
Wheat,Rabi,5.88,7.31,49,118,17.6
Wheat,Rabi,6.14,7.6,45,129,18.8
Wheat,Rabi,6.16,7.34,47,120,17
Wheat,Rabi,5.93,7.67,43,110,20.6
Wheat,Rabi,5.94,7.53,49,116,15.7
Wheat,Rabi,6.06,7.6,48,128,19.8
Wheat,Rabi,5.87,7.3,45,118,16.3
Wheat,Rabi,5.83,7.35,45,116,19.6
Wheat,Rabi,6.15,7.48,40,122,19
Wheat,Rabi,5.82,7.55,43,119,18.6
Wheat,Rabi,6.1,7.64,43,125,15.2
Wheat,Rabi,6.07,7.52,41,122,18.7
Wheat,Rabi,6.16,7.39,52,111,17.4
Wheat,Rabi,5.86,7.49,40,111,17.9
Wheat,Rabi,6.04,7.62,42,124,18.8
Wheat,Rabi,5.81,7.54,45,116,17.4
Wheat,Rabi,6.06,7.36,48,119,16.6
Wheat,Rabi,5.84,7.3,42,118,15.4
Wheat,Rabi,6,7.42,58,112,20.8
Wheat,Rabi,5.84,7.56,46,122,16.1
Wheat,Rabi,5.81,7.35,53,114,19.9
Wheat,Rabi,6.08,7.62,50,121,17.6
Wheat,Rabi,5.9,7.55,42,122,15.8
Wheat,Rabi,6.04,7.35,58,119,15.3
Wheat,Rabi,5.9,7.53,40,118,16.3
Wheat,Rabi,5.87,7.56,48,129,15.9
Wheat,Rabi,6.06,7.64,47,112,20.6
Wheat,Rabi,5.91,7.43,55,129,18.7
Wheat,Rabi,6.15,7.49,46,116,18.1
Wheat,Rabi,5.93,7.62,59,121,18.1
Wheat,Rabi,6.07,7.38,57,113,17.9
Wheat,Rabi,6.06,7.62,48,125,15
Wheat,Rabi,5.94,7.59,41,123,15.9
Wheat,Rabi,6.13,7.61,54,114,17.5
Wheat,Rabi,6.08,7.59,50,117,19.1
Wheat,Rabi,6.17,7.41,42,124,20.6
Wheat,Rabi,5.96,7.47,52,126,19.6
Wheat,Rabi,6.07,7.67,52,110,19.9
Wheat,Rabi,6.18,7.39,41,114,20.7
Wheat,Rabi,6.1,7.54,42,119,18
Wheat,Rabi,5.82,7.42,45,120,16.3
Wheat,Rabi,5.84,7.35,42,113,15.8
Wheat,Rabi,5.89,7.6,57,125,16.1
Wheat,Rabi,5.91,7.57,48,116,16.8
Wheat,Rabi,6.19,7.66,40,115,16.3
Wheat,Rabi,5.97,7.41,40,120,16.1
Wheat,Rabi,6.13,7.33,50,111,19.3
Wheat,Rabi,5.86,7.43,55,116,15.5
Wheat,Rabi,6,7.53,52,119,18
Wheat,Rabi,6.18,7.4,53,110,20.1
Wheat,Rabi,6.03,7.3,56,117,15.5
Wheat,Rabi,5.91,7.59,55,113,19
Wheat,Rabi,5.97,7.53,49,111,19.9
Wheat,Rabi,5.95,7.65,50,115,18.7
Wheat,Rabi,6.2,7.36,46,129,15.5
Wheat,Rabi,6.14,7.43,40,111,20.3
Wheat,Rabi,5.93,7.33,56,111,20.8
Wheat,Rabi,6.18,7.64,42,119,20.7
Wheat,Rabi,6.03,7.32,50,110,15.3
Wheat,Rabi,5.82,7.5,45,128,19.9
Wheat,Rabi,5.82,7.39,45,111,20.2
Wheat,Rabi,5.99,7.54,45,111,18.6
Wheat,Rabi,5.96,7.56,54,113,20.7
Wheat,Rabi,6.07,7.56,52,111,17.5
Wheat,Rabi,6.19,7.43,55,124,15.9
Wheat,Rabi,5.84,7.68,52,128,16.7
Wheat,Rabi,5.87,7.47,49,119,16.5
Wheat,Rabi,5.91,7.67,56,123,17.8
Cotton,Kharif,5.74,7.52,57,208,15.1
Cotton,Kharif,5.98,7.59,69,195,12.2
Cotton,Kharif,5.97,7.33,55,199,13.1
Cotton,Kharif,5.85,7.6,61,205,17.4
Cotton,Kharif,5.98,7.36,53,200,17.6
Cotton,Kharif,5.89,7.49,50,196,14.8
Cotton,Kharif,5.73,7.65,51,191,13.4
Cotton,Kharif,5.72,7.43,67,199,12.2
Cotton,Kharif,5.75,7.55,50,203,13.9
Cotton,Kharif,5.97,7.51,66,198,13.4
Cotton,Kharif,5.91,7.6,59,193,13.6
Cotton,Kharif,5.9,7.31,59,199,14.3
Cotton,Kharif,5.79,7.59,55,201,12.6
Cotton,Kharif,5.64,7.68,69,192,13.1
Cotton,Kharif,5.99,7.64,54,202,16.8
Cotton,Kharif,5.95,7.45,65,191,15.6
Cotton,Kharif,5.94,7.39,67,207,16.9
Cotton,Kharif,5.66,7.6,60,209,13.5
Cotton,Kharif,5.64,7.32,67,200,13.2
Cotton,Kharif,5.81,7.63,56,194,14.7
Cotton,Kharif,5.94,7.38,54,199,12.7
Cotton,Kharif,5.98,7.62,60,202,15.1
Cotton,Kharif,5.89,7.55,50,198,17.4
Cotton,Kharif,5.85,7.6,68,209,12.4
Cotton,Kharif,5.77,7.32,56,194,18
Cotton,Kharif,5.95,7.64,66,199,13.6
Cotton,Kharif,5.62,7.39,61,209,12.2
Cotton,Kharif,5.86,7.43,57,207,12.2
Cotton,Kharif,5.66,7.41,69,206,16.9
Cotton,Kharif,5.67,7.54,60,192,16.6
Cotton,Kharif,5.78,7.51,66,206,17.3
Cotton,Kharif,5.74,7.46,67,209,12.5
Cotton,Kharif,5.76,7.54,63,201,15
Cotton,Kharif,5.65,7.69,64,201,17.5
Cotton,Kharif,5.94,7.45,61,204,17.9
Cotton,Kharif,5.99,7.55,68,194,15.5
Cotton,Kharif,5.72,7.45,54,200,16.4
Cotton,Kharif,5.7,7.59,63,201,13.2
Cotton,Kharif,5.78,7.33,66,205,15.3
Cotton,Kharif,5.75,7.66,59,193,17.7
Cotton,Kharif,5.91,7.6,62,194,13.8
Cotton,Kharif,5.86,7.61,61,195,13.5
Cotton,Kharif,5.71,7.46,54,206,15.4
Cotton,Kharif,5.86,7.53,62,204,15.8
Cotton,Kharif,5.6,7.36,51,196,12.5
Cotton,Kharif,5.63,7.5,61,192,14.2
Cotton,Kharif,5.68,7.63,64,207,13
Cotton,Kharif,5.97,7.68,68,196,15
Cotton,Kharif,5.69,7.39,63,200,17.6
Cotton,Kharif,5.9,7.44,58,195,13.1
Cotton,Kharif,5.66,7.46,61,194,12.7
Cotton,Kharif,5.8,7.49,57,196,14.2
Cotton,Kharif,5.61,7.33,57,190,14.6
Cotton,Kharif,5.64,7.32,51,199,14.8
Cotton,Kharif,5.73,7.67,55,191,16.9
Cotton,Kharif,5.94,7.4,65,207,17.1
Cotton,Kharif,5.83,7.64,68,198,17.7
Cotton,Kharif,5.97,7.41,68,190,15.6
Cotton,Kharif,5.96,7.34,67,194,13.5
Cotton,Kharif,5.69,7.61,57,200,13.5
Cotton,Kharif,5.73,7.31,65,191,12
Cotton,Kharif,5.62,7.35,63,196,14
Cotton,Kharif,5.94,7.46,55,202,15
Cotton,Kharif,5.7,7.69,61,194,17.9
Cotton,Kharif,5.76,7.51,57,192,13.4
Cotton,Kharif,5.79,7.35,64,193,12.3
Cotton,Kharif,5.83,7.32,50,205,14.7
Cotton,Kharif,5.65,7.43,50,203,15.2
Cotton,Kharif,5.85,7.31,69,209,14.2
Cotton,Kharif,5.94,7.44,58,190,17.7
Cotton,Kharif,5.6,7.42,56,204,17.4
Cotton,Kharif,5.87,7.63,66,201,17
Cotton,Kharif,5.65,7.64,59,203,12.1
Cotton,Kharif,5.85,7.66,52,198,15.3
Cotton,Kharif,5.96,7.46,66,203,13.6
Cotton,Kharif,5.9,7.38,65,207,14.5
Cotton,Kharif,5.99,7.48,64,190,12.6
Cotton,Kharif,5.91,7.69,59,196,14.9
Cotton,Kharif,5.94,7.41,60,204,14.3
Cotton,Kharif,5.62,7.56,65,192,16.3
Cotton,Kharif,5.99,7.42,56,192,17.3
Cotton,Kharif,5.98,7.6,58,193,15
Cotton,Kharif,5.77,7.39,51,203,16.5
Cotton,Kharif,5.63,7.37,67,192,14.7
Cotton,Kharif,5.77,7.64,52,199,14.5
Cotton,Kharif,5.82,7.65,67,203,14
Cotton,Kharif,5.79,7.61,59,201,14.1
Cotton,Kharif,5.64,7.47,50,207,17.5
Cotton,Kharif,5.61,7.67,65,203,17.2
Cotton,Kharif,5.69,7.35,60,205,17.3
Cotton,Kharif,5.98,7.39,60,209,16.7
Cotton,Kharif,5.93,7.61,63,198,12.4
Cotton,Kharif,5.92,7.52,64,191,15.8
Cotton,Kharif,5.69,7.57,59,194,17.4
Cotton,Kharif,5.78,7.64,56,193,15.8
Cotton,Kharif,5.91,7.7,65,207,17.1
Cotton,Kharif,5.68,7.36,58,197,12.6
Cotton,Kharif,5.82,7.38,64,201,14.2
Cotton,Kharif,5.86,7.42,52,201,15.6
Cotton,Kharif,5.65,7.44,64,192,12
Maize,Kharif,5.44,7.04,68,102,24
Maize,Kharif,5.35,6.88,57,106,22.8
Maize,Kharif,5.64,6.86,66,110,20.5
Maize,Kharif,5.38,7.05,59,114,23.3
Maize,Kharif,5.4,7.08,68,102,20.4
Maize,Kharif,5.5,7.02,50,118,24.2
Maize,Kharif,5.69,7.03,52,104,20.4
Maize,Kharif,5.64,7.08,54,118,19.3
Maize,Kharif,5.46,7.04,56,102,24.7
Maize,Kharif,5.44,7.01,66,114,19.8
Maize,Kharif,5.51,7.09,58,118,19.5
Maize,Kharif,5.35,7.01,64,113,20.6
Maize,Kharif,5.57,6.93,58,114,22.5
Maize,Kharif,5.53,6.81,52,103,22.8
Maize,Kharif,5.57,6.91,69,111,20.1
Maize,Kharif,5.38,6.87,64,112,22.5
Maize,Kharif,5.68,6.88,63,108,23.3
Maize,Kharif,5.58,7.16,58,100,23.5
Maize,Kharif,5.56,7.15,57,101,23.4
Maize,Kharif,5.39,7.18,58,111,21.5
Maize,Kharif,5.51,6.8,69,109,20.1
Maize,Kharif,5.43,6.87,64,115,22
Maize,Kharif,5.48,6.88,60,116,24.1
Maize,Kharif,5.54,6.83,69,108,20.9
Maize,Kharif,5.59,7.05,55,119,24
Maize,Kharif,5.59,7.2,57,108,20.2
Maize,Kharif,5.57,7.07,57,107,22.6
Maize,Kharif,5.56,6.81,68,101,23.5
Maize,Kharif,5.42,6.96,64,105,22.6
Maize,Kharif,5.43,7.14,57,102,22.6
Maize,Kharif,5.31,6.9,56,101,20.8
Maize,Kharif,5.33,6.8,64,115,21.4
Maize,Kharif,5.53,7.03,61,110,19.1
Maize,Kharif,5.58,6.94,54,110,22.5
Maize,Kharif,5.37,7.12,57,119,23.4
Maize,Kharif,5.69,6.94,53,100,24.7
Maize,Kharif,5.54,7.08,55,112,21.4
Maize,Kharif,5.54,6.83,64,116,20.7
Maize,Kharif,5.5,7.08,53,108,21.4
Maize,Kharif,5.6,7.01,67,111,24.2
Maize,Kharif,5.43,7.11,56,109,24.1
Maize,Kharif,5.6,6.9,59,116,23.9
Maize,Kharif,5.46,6.94,52,107,19.5
Maize,Kharif,5.63,6.91,52,119,24.4
Maize,Kharif,5.63,7.13,68,114,24.5
Maize,Kharif,5.62,7.1,52,102,19.6
Maize,Kharif,5.39,6.98,50,113,21.4
Maize,Kharif,5.56,6.8,69,116,23.4
Maize,Kharif,5.45,6.81,65,101,22.5
Maize,Kharif,5.6,7.16,60,112,22.4
Maize,Kharif,5.69,7.16,61,113,20.9
Maize,Kharif,5.69,7.1,50,104,22.8
Maize,Kharif,5.47,7.12,64,103,19.7
Maize,Kharif,5.31,7.04,58,106,21.7
Maize,Kharif,5.65,6.86,67,105,24
Maize,Kharif,5.56,7.2,62,101,21.5
Maize,Kharif,5.45,6.97,52,117,21.9
Maize,Kharif,5.36,6.87,58,107,19
Maize,Kharif,5.46,6.87,58,103,24.9
Maize,Kharif,5.54,6.98,64,112,22.3
Maize,Kharif,5.45,6.86,56,107,22.4
Maize,Kharif,5.58,6.91,56,116,22.4
Maize,Kharif,5.46,6.86,63,107,21.6
Maize,Kharif,5.63,6.84,52,119,24.1
Maize,Kharif,5.36,6.93,68,112,19.7
Maize,Kharif,5.37,6.88,65,107,21.4
Maize,Kharif,5.5,6.88,67,114,19.4
Maize,Kharif,5.64,7.12,63,114,20.4
Maize,Kharif,5.68,7.07,52,111,24.1
Maize,Kharif,5.55,6.98,65,102,22.8
Maize,Kharif,5.32,7.17,54,111,23.3
Maize,Kharif,5.57,6.96,55,108,24
Maize,Kharif,5.66,7.12,58,116,21.9
Maize,Kharif,5.53,6.84,65,105,24.4
Maize,Kharif,5.4,6.84,52,114,22.9
Maize,Kharif,5.34,7.08,62,104,24.8
Maize,Kharif,5.37,6.88,55,101,24.8
Maize,Kharif,5.52,7.09,69,102,19.5
Maize,Kharif,5.38,6.93,52,112,24.4
Maize,Kharif,5.62,7.13,66,103,24.6
Maize,Kharif,5.4,6.82,66,114,24.8
Maize,Kharif,5.34,6.91,55,100,20
Maize,Kharif,5.41,6.91,53,100,20
Maize,Kharif,5.64,7.07,57,104,23.6
Maize,Kharif,5.57,6.98,68,112,21.4
Maize,Kharif,5.52,6.9,64,101,25
Maize,Kharif,5.37,7.07,61,113,20.4
Maize,Kharif,5.44,6.95,69,104,23.1
Maize,Kharif,5.6,6.92,58,112,22.8
Maize,Kharif,5.33,7.07,63,114,23.1
Maize,Kharif,5.34,7.2,51,113,25
Maize,Kharif,5.39,6.92,59,119,22.4
Maize,Kharif,5.5,6.89,64,103,21.8
Maize,Kharif,5.59,6.94,57,111,20.6
Maize,Kharif,5.42,7.14,52,107,22.9
Maize,Kharif,5.44,7.1,52,110,21.6
Maize,Kharif,5.68,7.17,61,119,22.8
Maize,Kharif,5.6,6.88,68,108,23
Maize,Kharif,5.42,7,67,118,23.5
Maize,Kharif,5.33,6.9,60,109,20
Sugarcane,Annual,6.05,7.36,141,248,28.9
Sugarcane,Annual,5.84,7.37,147,254,28.1
Sugarcane,Annual,5.87,7.47,152,259,30.1
Sugarcane,Annual,5.82,7.57,148,247,30
Sugarcane,Annual,6.02,7.47,158,247,32.6
Sugarcane,Annual,6.09,7.53,146,245,28.9
Sugarcane,Annual,6.12,7.67,143,243,27.5
Sugarcane,Annual,5.81,7.34,142,243,27.1
Sugarcane,Annual,6.08,7.63,140,253,31.7
Sugarcane,Annual,5.83,7.54,152,254,32.4
Sugarcane,Annual,5.97,7.38,153,244,30.9
Sugarcane,Annual,5.91,7.45,141,253,33
Sugarcane,Annual,6.1,7.47,155,244,27.6
Sugarcane,Annual,6.15,7.54,143,256,30.1
Sugarcane,Annual,6.1,7.39,155,240,28.5
Sugarcane,Annual,6.14,7.44,156,245,27.2
Sugarcane,Annual,5.85,7.48,147,255,29.5
Sugarcane,Annual,6.01,7.56,158,248,27.4
Sugarcane,Annual,5.89,7.49,155,259,27.5
Sugarcane,Annual,6.06,7.48,159,258,32.2
Sugarcane,Annual,6.04,7.34,140,242,29.4
Sugarcane,Annual,5.95,7.34,156,249,28.8
Sugarcane,Annual,6.11,7.39,141,259,31.9
Sugarcane,Annual,6.12,7.47,154,251,28.5
Sugarcane,Annual,5.95,7.43,141,248,27.7
Sugarcane,Annual,6.11,7.33,148,250,29
Sugarcane,Annual,6.13,7.3,153,257,29.5
Sugarcane,Annual,5.9,7.46,144,240,30.1
Sugarcane,Annual,6.2,7.36,147,241,32.6
Sugarcane,Annual,6.18,7.45,142,245,30.6
Sugarcane,Annual,5.85,7.43,157,240,28.8
Sugarcane,Annual,6.04,7.44,156,241,31.7
Sugarcane,Annual,5.82,7.33,158,252,29.5
Sugarcane,Annual,5.81,7.38,147,250,29.5
Sugarcane,Annual,5.94,7.55,145,251,31.7
Sugarcane,Annual,5.83,7.3,142,254,29.8
Sugarcane,Annual,6.02,7.6,155,257,29.6
Sugarcane,Annual,6.06,7.5,146,252,29.1
Sugarcane,Annual,6.17,7.44,152,253,30.8
Sugarcane,Annual,5.87,7.35,159,254,27.9
Sugarcane,Annual,5.84,7.38,154,257,30.9
Sugarcane,Annual,5.95,7.69,141,244,30.9
Sugarcane,Annual,5.88,7.35,145,258,30.9
Sugarcane,Annual,6,7.47,148,255,31.4
Sugarcane,Annual,5.99,7.57,143,243,29.6
Sugarcane,Annual,5.82,7.36,144,241,28.1
Sugarcane,Annual,5.9,7.42,144,245,29.9
Sugarcane,Annual,5.88,7.36,149,240,30.3
Sugarcane,Annual,6.19,7.4,144,256,31.9
Sugarcane,Annual,5.83,7.69,156,242,31.3
Sugarcane,Annual,5.86,7.36,150,244,27.3
Sugarcane,Annual,5.95,7.62,156,257,30.4
Sugarcane,Annual,5.95,7.34,150,257,27.7
Sugarcane,Annual,6.15,7.43,158,252,27.8
Sugarcane,Annual,6.1,7.53,144,253,31.2
Sugarcane,Annual,6.08,7.35,151,244,28.6
Sugarcane,Annual,6.03,7.69,156,258,30.1
Sugarcane,Annual,5.81,7.38,152,242,31.8
Sugarcane,Annual,6.11,7.41,152,258,27.1
Sugarcane,Annual,5.91,7.67,156,245,31.8
Sugarcane,Annual,5.94,7.47,154,249,32.8
Sugarcane,Annual,6.08,7.49,140,253,28.5
Sugarcane,Annual,5.8,7.35,155,254,31.7
Sugarcane,Annual,6.15,7.52,151,258,30.3
Sugarcane,Annual,6.05,7.51,149,259,31.5
Sugarcane,Annual,5.9,7.51,159,248,32.3
Sugarcane,Annual,6.11,7.48,143,245,27.8
Sugarcane,Annual,5.87,7.32,151,242,31.8
Sugarcane,Annual,5.92,7.42,142,259,28.3
Sugarcane,Annual,5.83,7.4,159,253,32.7
Sugarcane,Annual,6.01,7.31,150,244,32.9
Sugarcane,Annual,5.9,7.55,142,259,28.3
Sugarcane,Annual,5.82,7.42,153,257,30.8
Sugarcane,Annual,5.98,7.35,156,251,28.3
Sugarcane,Annual,6.04,7.65,142,241,30.7
Sugarcane,Annual,6.13,7.44,148,252,31
Sugarcane,Annual,5.95,7.59,142,241,28.3
Sugarcane,Annual,5.97,7.69,151,259,30.6
Sugarcane,Annual,6.2,7.31,158,257,30.7
Sugarcane,Annual,6.05,7.44,152,257,30.5
Sugarcane,Annual,5.99,7.6,156,255,29.9
Sugarcane,Annual,6.17,7.54,143,251,27.5
Sugarcane,Annual,6.17,7.63,159,257,29
Sugarcane,Annual,6.06,7.65,158,246,28.3
Sugarcane,Annual,6.07,7.32,157,241,29.5
Sugarcane,Annual,5.89,7.44,149,242,27.5
Sugarcane,Annual,5.87,7.67,145,245,32.3
Sugarcane,Annual,5.95,7.67,146,249,30.5
Sugarcane,Annual,5.82,7.36,153,251,31.3
Sugarcane,Annual,5.83,7.49,155,243,27.2
Sugarcane,Annual,6.14,7.33,155,259,27.9
Sugarcane,Annual,5.86,7.34,151,258,32.1
Sugarcane,Annual,5.89,7.68,151,257,27.7
Sugarcane,Annual,5.81,7.51,150,242,28.3
Sugarcane,Annual,5.87,7.56,145,249,31.7
Sugarcane,Annual,6.02,7.65,144,248,29.5
Sugarcane,Annual,5.9,7.43,152,253,31.9
Sugarcane,Annual,6.2,7.56,149,253,28.8
Sugarcane,Annual,6,7.4,153,256,30.2
Sugarcane,Annual,6.02,7.54,143,242,29.2
Barley,Rabi,6.06,7.52,34,92,16.9
Barley,Rabi,6,7.58,36,91,16.3
Barley,Rabi,6.1,7.5,44,108,15.8
Barley,Rabi,6.04,7.39,34,104,15
Barley,Rabi,6.12,7.35,32,101,15.3
Barley,Rabi,5.9,7.34,30,97,16.4
Barley,Rabi,5.83,7.42,39,102,16.2
Barley,Rabi,5.94,7.35,43,105,13.7
Barley,Rabi,6.09,7.64,33,100,14.5
Barley,Rabi,5.96,7.41,39,107,15.3
Barley,Rabi,6.09,7.31,31,91,15.5
Barley,Rabi,5.87,7.5,36,95,13.8
Barley,Rabi,6.01,7.46,49,102,16.8
Barley,Rabi,6.07,7.68,44,96,16.6
Barley,Rabi,6.18,7.41,47,107,17
Barley,Rabi,5.86,7.55,46,96,15
Barley,Rabi,5.87,7.32,49,108,13.8
Barley,Rabi,6.17,7.41,30,99,18.8
Barley,Rabi,6.09,7.52,49,104,18.1
Barley,Rabi,5.86,7.34,30,91,16.4
Barley,Rabi,6.2,7.64,31,109,15.6
Barley,Rabi,6.14,7.33,43,91,16.8
Barley,Rabi,5.81,7.64,49,95,17.6
Barley,Rabi,5.81,7.63,48,105,14.2
Barley,Rabi,6.04,7.54,30,109,17.2
Barley,Rabi,5.84,7.49,35,104,13.3
Barley,Rabi,5.97,7.64,44,96,14.8
Barley,Rabi,6.15,7.63,48,95,15.2
Barley,Rabi,5.85,7.4,33,102,17.2
Barley,Rabi,6,7.6,41,102,16.1
Barley,Rabi,6.13,7.69,39,104,16.2
Barley,Rabi,5.85,7.63,42,95,17.7
Barley,Rabi,5.97,7.39,37,91,18.7
Barley,Rabi,5.94,7.54,39,106,14.6
Barley,Rabi,5.84,7.33,41,94,16.3
Barley,Rabi,5.86,7.35,46,96,14.3
Barley,Rabi,5.85,7.45,45,106,17
Barley,Rabi,6,7.52,48,106,14.9
Barley,Rabi,5.96,7.43,39,106,14.2
Barley,Rabi,6.14,7.62,45,98,17.8
Barley,Rabi,6.17,7.35,43,98,17.8
Barley,Rabi,5.97,7.33,35,102,15.3
Barley,Rabi,6.01,7.5,39,107,13.8
Barley,Rabi,5.87,7.7,43,95,15
Barley,Rabi,6.13,7.46,35,101,18.7
Barley,Rabi,6.02,7.38,34,102,16.9
Barley,Rabi,5.88,7.56,41,107,16.5
Barley,Rabi,6.05,7.48,35,107,16.6
Barley,Rabi,5.9,7.58,41,92,13.2
Barley,Rabi,6.16,7.67,45,106,13.1
Barley,Rabi,6.16,7.34,30,99,16.3
Barley,Rabi,6.06,7.4,43,104,13.9
Barley,Rabi,5.96,7.55,43,93,17.4
Barley,Rabi,6.15,7.47,39,94,15.6
Barley,Rabi,5.84,7.64,30,102,14.9
Barley,Rabi,5.8,7.48,38,90,17.2
Barley,Rabi,5.92,7.35,48,93,16.8
Barley,Rabi,5.84,7.57,44,104,17.4
Barley,Rabi,5.84,7.65,32,92,16.1
Barley,Rabi,5.9,7.31,41,105,13.6
Barley,Rabi,6.04,7.3,44,98,17.5
Barley,Rabi,6.19,7.42,48,109,15.4
Barley,Rabi,5.92,7.53,36,104,15.4
Barley,Rabi,6.13,7.39,36,104,16.7
Barley,Rabi,5.9,7.32,45,105,15.8
Barley,Rabi,6.06,7.46,33,92,14.3
Barley,Rabi,5.88,7.66,33,108,16.4
Barley,Rabi,6.08,7.62,37,103,15.8
Barley,Rabi,5.82,7.37,42,107,18.8
Barley,Rabi,6.03,7.59,45,95,14.1
Barley,Rabi,6.01,7.66,37,102,18.5
Barley,Rabi,5.95,7.46,32,109,18.3
Barley,Rabi,5.88,7.37,43,109,16.2
Barley,Rabi,5.9,7.4,38,99,17
Barley,Rabi,6.06,7.54,42,101,16.1
Barley,Rabi,5.92,7.35,43,90,17.5
Barley,Rabi,6.06,7.47,34,101,17.9
Barley,Rabi,6.06,7.55,36,94,14.4
Barley,Rabi,6.06,7.6,45,107,13.6
Barley,Rabi,6.06,7.46,31,99,16.6
Barley,Rabi,6.07,7.34,49,101,19
Barley,Rabi,6.06,7.52,49,97,18.6
Barley,Rabi,5.92,7.53,34,92,17.9
Barley,Rabi,6.13,7.64,31,93,17.1
Barley,Rabi,5.83,7.54,37,109,18.1
Barley,Rabi,5.97,7.6,45,98,13
Barley,Rabi,6.15,7.33,44,93,14.9
Barley,Rabi,6.04,7.58,47,100,15.2
Barley,Rabi,5.92,7.45,48,90,14.8
Barley,Rabi,6.1,7.41,35,94,17.8
Barley,Rabi,5.97,7.35,37,90,14.2
Barley,Rabi,5.99,7.39,42,99,14.8
Barley,Rabi,6.09,7.31,41,97,13.3
Barley,Rabi,5.89,7.37,32,92,14.8
Barley,Rabi,6.17,7.65,45,101,17.1
Barley,Rabi,5.85,7.57,33,98,17.9
Barley,Rabi,5.86,7.69,30,101,18.1
Barley,Rabi,6.07,7.33,34,91,16.6
Barley,Rabi,5.96,7.43,38,106,13.9
Barley,Rabi,6.06,7.33,44,102,18.9
Soybean,Kharif,5.93,7.35,63,141,22.4
Soybean,Kharif,6.02,7.69,63,148,20.6
Soybean,Kharif,6.05,7.53,51,143,22
Soybean,Kharif,6.05,7.46,68,149,21.5
Soybean,Kharif,6.08,7.32,55,155,22.8
Soybean,Kharif,5.99,7.45,56,143,21.8
Soybean,Kharif,5.88,7.68,62,151,17.1
Soybean,Kharif,5.8,7.42,52,149,21.3
Soybean,Kharif,5.99,7.68,53,150,19.9
Soybean,Kharif,5.99,7.65,50,147,17.9
Soybean,Kharif,5.95,7.51,52,146,21.9
Soybean,Kharif,6.19,7.55,54,151,19.5
Soybean,Kharif,5.97,7.59,69,150,18.8
Soybean,Kharif,6.07,7.43,53,154,19.9
Soybean,Kharif,6.19,7.47,61,147,20.8
Soybean,Kharif,5.96,7.33,59,145,20
Soybean,Kharif,6.12,7.53,62,142,21.4
Soybean,Kharif,5.96,7.45,58,144,17.4
Soybean,Kharif,5.92,7.59,51,145,22.2
Soybean,Kharif,6.14,7.5,57,149,22.6
Soybean,Kharif,6.09,7.53,66,145,18.1
Soybean,Kharif,6.17,7.38,65,154,21.8
Soybean,Kharif,5.92,7.51,63,140,21.6
Soybean,Kharif,5.97,7.31,60,157,17.5
Soybean,Kharif,6.05,7.62,57,153,22.2
Soybean,Kharif,6.14,7.55,65,152,22.7
Soybean,Kharif,6.19,7.39,54,153,18.2
Soybean,Kharif,6.06,7.64,62,149,17.7
Soybean,Kharif,5.81,7.57,54,147,18.5
Soybean,Kharif,5.83,7.55,59,142,22.2
Soybean,Kharif,6.13,7.42,57,141,21.2
Soybean,Kharif,6.18,7.69,50,141,21.8
Soybean,Kharif,6.13,7.66,57,148,17
Soybean,Kharif,5.96,7.57,67,159,18.6
Soybean,Kharif,6.16,7.34,64,154,20.6
Soybean,Kharif,6.05,7.56,56,147,20
Soybean,Kharif,6.05,7.69,50,159,19.3
Soybean,Kharif,6.08,7.34,50,143,18.5
Soybean,Kharif,5.94,7.4,66,146,22.8
Soybean,Kharif,5.8,7.65,69,149,18.5
Soybean,Kharif,6.06,7.53,60,140,21.6
Soybean,Kharif,5.95,7.58,62,154,19.9
Soybean,Kharif,6.04,7.68,50,145,22.8
Soybean,Kharif,6.08,7.67,53,140,22.2
Soybean,Kharif,6.06,7.63,53,142,18.9
Soybean,Kharif,6.09,7.4,59,146,19.8
Soybean,Kharif,5.99,7.3,67,152,20.3
Soybean,Kharif,5.83,7.38,54,154,22.5
Soybean,Kharif,5.85,7.31,58,154,17.3
Soybean,Kharif,5.83,7.68,61,159,18.6
Soybean,Kharif,6.13,7.35,61,154,20.6
Soybean,Kharif,5.85,7.34,56,141,17.8
Soybean,Kharif,5.95,7.53,59,146,22.4
Soybean,Kharif,6.03,7.42,65,155,17.1
Soybean,Kharif,5.97,7.59,60,156,17.3
Soybean,Kharif,5.92,7.37,67,146,21.4
Soybean,Kharif,6.09,7.46,62,151,22.3
Soybean,Kharif,5.84,7.52,67,141,17.4
Soybean,Kharif,6.11,7.42,59,152,19.1
Soybean,Kharif,5.89,7.35,61,145,20.9
Soybean,Kharif,6.02,7.42,65,148,19.3
Soybean,Kharif,5.98,7.4,54,148,18.8
Soybean,Kharif,6.18,7.68,51,157,22.2
Soybean,Kharif,5.85,7.59,62,153,21.4
Soybean,Kharif,5.95,7.53,52,155,22.5
Soybean,Kharif,5.98,7.68,69,155,20.6
Soybean,Kharif,6.08,7.48,62,157,17.3
Soybean,Kharif,5.95,7.62,69,145,19.7
Soybean,Kharif,5.81,7.52,64,150,18
Soybean,Kharif,5.85,7.53,63,159,18.1
Soybean,Kharif,6.14,7.68,50,143,19.6
Soybean,Kharif,5.89,7.66,64,151,21.9
Soybean,Kharif,6.14,7.34,66,140,20.1
Soybean,Kharif,5.85,7.41,51,149,17.6
Soybean,Kharif,6.03,7.57,63,153,20.1
Soybean,Kharif,6.1,7.47,59,159,17.2
Soybean,Kharif,5.94,7.63,57,151,20.4
Soybean,Kharif,6.04,7.66,56,154,17.1
Soybean,Kharif,6.04,7.32,68,144,22.9
Soybean,Kharif,6,7.48,57,146,17.2
Soybean,Kharif,6.01,7.38,69,141,21.1
Soybean,Kharif,6.14,7.43,66,141,21.9
Soybean,Kharif,5.86,7.61,54,155,21.6
Soybean,Kharif,5.81,7.34,69,143,23
Soybean,Kharif,6.04,7.64,66,155,17.3
Soybean,Kharif,5.84,7.31,52,145,18.9
Soybean,Kharif,6.11,7.62,58,149,22
Soybean,Kharif,6.17,7.4,63,158,20.5
Soybean,Kharif,5.83,7.42,69,150,17.5
Soybean,Kharif,5.84,7.34,51,157,22.7
Soybean,Kharif,5.99,7.66,59,145,20.2
Soybean,Kharif,6.11,7.56,61,159,21.9
Soybean,Kharif,5.97,7.33,53,142,20.3
Soybean,Kharif,5.88,7.64,58,158,20.6
Soybean,Kharif,5.87,7.6,62,140,19.8
Soybean,Kharif,6.18,7.36,66,157,17.1
Soybean,Kharif,6.17,7.39,55,150,18.2
Soybean,Kharif,6.11,7.61,63,156,17.4
Soybean,Kharif,6.01,7.69,50,157,17.9
Soybean,Kharif,6.13,7.35,54,154,17.6
Groundnut,Kharif,5.41,7.14,59,131,20.6
Groundnut,Kharif,5.52,7.12,50,118,17
Groundnut,Kharif,5.36,6.82,48,121,20.8
Groundnut,Kharif,5.52,6.84,47,119,18.9
Groundnut,Kharif,5.53,7.02,46,126,17.8
Groundnut,Kharif,5.65,7.17,48,124,17.4
Groundnut,Kharif,5.61,6.84,51,123,19.5
Groundnut,Kharif,5.37,6.97,49,132,16.8
Groundnut,Kharif,5.5,6.91,45,134,18.2
Groundnut,Kharif,5.54,6.83,51,124,16.9
Groundnut,Kharif,5.48,7.08,58,129,16.1
Groundnut,Kharif,5.45,7.06,40,115,18.4
Groundnut,Kharif,5.46,6.93,48,133,15.6
Groundnut,Kharif,5.31,6.85,41,118,19.9
Groundnut,Kharif,5.69,7.16,40,131,18.7
Groundnut,Kharif,5.57,6.99,56,133,15.6
Groundnut,Kharif,5.44,6.94,44,120,19.2
Groundnut,Kharif,5.51,6.95,57,123,16.6
Groundnut,Kharif,5.6,7.01,54,126,15.5
Groundnut,Kharif,5.63,7.17,49,116,16.6
Groundnut,Kharif,5.69,7.09,50,118,19.4
Groundnut,Kharif,5.62,7.13,58,125,19.4
Groundnut,Kharif,5.41,7.16,55,125,16.6
Groundnut,Kharif,5.39,7.17,43,133,16.8
Groundnut,Kharif,5.34,7.07,48,129,19.7
Groundnut,Kharif,5.62,7.19,56,128,15.8
Groundnut,Kharif,5.61,7.14,59,124,18.8
Groundnut,Kharif,5.53,6.97,49,124,19.2
Groundnut,Kharif,5.35,6.91,54,118,15.2
Groundnut,Kharif,5.44,6.88,51,124,16.2
Groundnut,Kharif,5.62,6.86,44,134,18.8
Groundnut,Kharif,5.54,7.15,49,124,18.1
Groundnut,Kharif,5.31,7.1,58,122,16.7
Groundnut,Kharif,5.5,7.2,51,131,15.9
Groundnut,Kharif,5.36,6.8,57,131,18.4
Groundnut,Kharif,5.45,7,45,125,18.2
Groundnut,Kharif,5.31,7.19,40,115,20
Groundnut,Kharif,5.33,7.04,53,133,16.4
Groundnut,Kharif,5.56,6.84,44,129,15.2
Groundnut,Kharif,5.43,6.94,48,125,18.1
Groundnut,Kharif,5.61,6.84,41,124,20.5
Groundnut,Kharif,5.46,7.06,50,115,20.1
Groundnut,Kharif,5.39,6.99,48,118,16.3
Groundnut,Kharif,5.48,7.2,49,125,20
Groundnut,Kharif,5.41,7.08,47,123,17.4
Groundnut,Kharif,5.46,6.87,56,125,20.2
Groundnut,Kharif,5.6,6.87,47,121,17.8
Groundnut,Kharif,5.48,7.12,54,133,20.5
Groundnut,Kharif,5.3,6.83,45,132,19
Groundnut,Kharif,5.36,7.2,55,121,20.3
Groundnut,Kharif,5.33,7.11,41,127,19.5
Groundnut,Kharif,5.43,7.16,42,117,17
Groundnut,Kharif,5.63,6.82,46,122,16.9
Groundnut,Kharif,5.39,6.88,44,121,20.5
Groundnut,Kharif,5.7,7.15,51,120,16.1
Groundnut,Kharif,5.62,7.04,57,126,20.1
Groundnut,Kharif,5.34,6.82,57,118,15.2
Groundnut,Kharif,5.43,6.88,47,119,15.7
Groundnut,Kharif,5.36,6.83,44,133,18.8
Groundnut,Kharif,5.5,6.94,57,128,16.1
Groundnut,Kharif,5.34,7.15,59,129,19.3
Groundnut,Kharif,5.39,7,57,122,20.1
Groundnut,Kharif,5.34,7.08,56,133,20.5
Groundnut,Kharif,5.57,6.84,43,119,16
Groundnut,Kharif,5.52,6.86,44,121,19.6
Groundnut,Kharif,5.41,7.04,46,121,18.5
Groundnut,Kharif,5.35,7.11,41,131,18
Groundnut,Kharif,5.59,6.87,54,118,15.2
Groundnut,Kharif,5.39,6.91,58,127,19.3
Groundnut,Kharif,5.58,6.91,44,128,19.4
Groundnut,Kharif,5.32,6.99,43,124,19.7
Groundnut,Kharif,5.66,7.2,59,123,19.8
Groundnut,Kharif,5.48,7.03,45,118,19.8
Groundnut,Kharif,5.51,7.16,44,121,16
Groundnut,Kharif,5.35,7.07,42,134,18.1
Groundnut,Kharif,5.69,6.86,46,127,18.3
Groundnut,Kharif,5.48,7.07,55,129,19.2
Groundnut,Kharif,5.34,7.15,47,125,16
Groundnut,Kharif,5.32,6.98,55,126,15.6
Groundnut,Kharif,5.67,6.9,48,116,16.3
Groundnut,Kharif,5.37,7.18,51,122,15.3
Groundnut,Kharif,5.33,6.86,48,125,18.1
Groundnut,Kharif,5.55,7.16,54,123,20.1
Groundnut,Kharif,5.31,6.91,48,130,19.1
Groundnut,Kharif,5.52,7.06,43,133,18.3
Groundnut,Kharif,5.32,6.86,57,132,15.8
Groundnut,Kharif,5.31,7.17,59,115,18.1
Groundnut,Kharif,5.5,6.94,54,128,20.9
Groundnut,Kharif,5.59,7.11,45,124,19.2
Groundnut,Kharif,5.69,6.99,56,132,20
Groundnut,Kharif,5.38,7.15,54,116,17.7
Groundnut,Kharif,5.46,7.04,58,130,19.8
Groundnut,Kharif,5.59,6.89,40,131,16.2
Groundnut,Kharif,5.64,7.14,58,124,18.5
Groundnut,Kharif,5.5,7.11,47,134,15.7
Groundnut,Kharif,5.69,6.86,55,133,16.2
Groundnut,Kharif,5.51,6.83,41,115,20
Groundnut,Kharif,5.53,7.1,48,131,15.9
Groundnut,Kharif,5.58,7.13,48,125,16.9
Groundnut,Kharif,5.68,6.99,50,115,19.6
Mustard,Rabi,5.81,7.68,34,89,13.7
Mustard,Rabi,5.87,7.69,24,88,16.4
Mustard,Rabi,5.85,7.68,34,84,15.4
Mustard,Rabi,5.85,7.59,23,82,13.2
Mustard,Rabi,6.01,7.34,32,93,16
Mustard,Rabi,5.86,7.67,30,95,14.9
Mustard,Rabi,6.11,7.44,27,96,11.5
Mustard,Rabi,5.93,7.46,26,90,11.7
Mustard,Rabi,6.2,7.43,27,95,11.7
Mustard,Rabi,5.95,7.33,28,86,14.9
Mustard,Rabi,6.05,7.51,20,99,13.7
Mustard,Rabi,5.99,7.36,27,84,16.8
Mustard,Rabi,6.15,7.6,32,85,16.9
Mustard,Rabi,6.06,7.47,33,90,12.9
Mustard,Rabi,6.14,7.36,33,92,16
Mustard,Rabi,5.96,7.43,28,81,15.9
Mustard,Rabi,6.2,7.41,31,92,12.2
Mustard,Rabi,5.9,7.59,25,92,13.6
Mustard,Rabi,6.04,7.31,26,94,14.8
Mustard,Rabi,5.81,7.56,37,97,15.3
Mustard,Rabi,6.18,7.44,28,96,13.6
Mustard,Rabi,6.03,7.46,34,84,12.9
Mustard,Rabi,6.15,7.52,38,95,16.9
Mustard,Rabi,5.81,7.64,34,83,14.2
Mustard,Rabi,5.88,7.53,26,96,11.4
Mustard,Rabi,6.18,7.42,26,97,14
Mustard,Rabi,5.87,7.66,37,94,14.2
Mustard,Rabi,5.91,7.65,38,81,12.6
Mustard,Rabi,6.19,7.66,30,85,14.3
Mustard,Rabi,5.95,7.61,32,97,17
Mustard,Rabi,5.9,7.37,33,90,13.7
Mustard,Rabi,6.09,7.39,39,83,13
Mustard,Rabi,6.07,7.62,23,90,11
Mustard,Rabi,6.14,7.69,32,83,13.4
Mustard,Rabi,6.15,7.31,25,91,11.3
Mustard,Rabi,5.8,7.51,27,82,16.9
Mustard,Rabi,6.02,7.62,28,95,13.1
Mustard,Rabi,6.07,7.41,26,87,12.5
Mustard,Rabi,6.12,7.68,32,97,14
Mustard,Rabi,5.83,7.61,20,84,11.6
Mustard,Rabi,5.87,7.62,23,88,13.2
Mustard,Rabi,5.82,7.35,21,93,11.7
Mustard,Rabi,5.98,7.6,25,90,16.9
Mustard,Rabi,5.86,7.66,25,85,13.8
Mustard,Rabi,6.16,7.43,35,83,15.3
Mustard,Rabi,5.81,7.7,26,99,12.9
Mustard,Rabi,5.92,7.63,22,88,14.7
Mustard,Rabi,6.17,7.64,22,94,16.9
Mustard,Rabi,6.03,7.53,25,85,16.7
Mustard,Rabi,5.84,7.44,33,92,15.6
Mustard,Rabi,5.93,7.38,21,81,15.3
Mustard,Rabi,6.04,7.38,35,96,12.2
Mustard,Rabi,6.1,7.55,24,87,11.5
Mustard,Rabi,6.08,7.56,34,99,14.7
Mustard,Rabi,5.85,7.35,29,92,11.7
Mustard,Rabi,5.91,7.62,20,89,12.1
Mustard,Rabi,6.13,7.68,34,93,13.2
Mustard,Rabi,5.92,7.6,39,99,16.1
Mustard,Rabi,5.89,7.42,26,99,12.1
Mustard,Rabi,5.81,7.59,31,94,16.6
Mustard,Rabi,5.94,7.44,20,84,13.4
Mustard,Rabi,5.85,7.43,25,98,11.5
Mustard,Rabi,6.13,7.67,39,94,14.6
Mustard,Rabi,6.11,7.65,24,82,14.6
Mustard,Rabi,5.88,7.37,33,86,14.3
Mustard,Rabi,6,7.36,24,91,15.2
Mustard,Rabi,5.92,7.48,39,87,14.3
Mustard,Rabi,6.08,7.62,20,92,11.2
Mustard,Rabi,6.04,7.56,20,86,15
Mustard,Rabi,6.14,7.59,20,95,13.1
Mustard,Rabi,5.94,7.39,39,84,16.6
Mustard,Rabi,5.97,7.48,39,82,12.1
Mustard,Rabi,6.06,7.68,26,95,15.4
Mustard,Rabi,5.92,7.3,21,96,15.7
Mustard,Rabi,5.84,7.56,20,85,14.3
Mustard,Rabi,6.16,7.62,20,86,15
Mustard,Rabi,6.11,7.44,27,86,15.8
Mustard,Rabi,6.19,7.35,25,92,16.4
Mustard,Rabi,6.04,7.58,23,80,12.6
Mustard,Rabi,5.83,7.67,31,95,13.9
Mustard,Rabi,5.89,7.68,32,92,11.9
Mustard,Rabi,6.16,7.69,31,82,12.6
Mustard,Rabi,6.12,7.47,25,88,13.7
Mustard,Rabi,5.97,7.55,23,97,13.2
Mustard,Rabi,5.85,7.69,30,80,13.9
Mustard,Rabi,5.96,7.42,28,92,12
Mustard,Rabi,6.02,7.49,26,89,12.5
Mustard,Rabi,5.91,7.59,32,96,14.9
Mustard,Rabi,5.98,7.51,23,86,12.7
Mustard,Rabi,5.82,7.47,31,81,13.2
Mustard,Rabi,5.88,7.47,32,85,11.7
Mustard,Rabi,6.12,7.55,29,81,15.3
Mustard,Rabi,5.97,7.37,31,89,12
Mustard,Rabi,6.06,7.37,28,95,16.9
Mustard,Rabi,6.03,7.45,25,82,15.7
Mustard,Rabi,5.95,7.53,24,95,14.6
Mustard,Rabi,5.83,7.63,27,84,12
Mustard,Rabi,6.09,7.44,20,81,13.7
Mustard,Rabi,5.81,7.46,32,97,15.2
Mustard,Rabi,5.98,7.35,31,96,13.5
Jowar,Kharif,5.68,7.63,33,90,15.7
Jowar,Kharif,5.31,7.5,33,99,15.4
Jowar,Kharif,5.37,7.69,30,99,19.5
Jowar,Kharif,5.55,7.41,31,104,18.8
Jowar,Kharif,5.54,7.46,38,107,14.1
Jowar,Kharif,5.54,7.68,32,105,17.6
Jowar,Kharif,5.68,7.6,40,101,15.2
Jowar,Kharif,5.68,7.41,37,95,18.8
Jowar,Kharif,5.69,7.4,32,93,18.2
Jowar,Kharif,5.43,7.39,49,104,16.8
Jowar,Kharif,5.56,7.49,34,103,16.2
Jowar,Kharif,5.32,7.3,42,91,17.7
Jowar,Kharif,5.5,7.52,42,103,14.9
Jowar,Kharif,5.63,7.53,45,107,17.2
Jowar,Kharif,5.62,7.58,42,98,17.3
Jowar,Kharif,5.33,7.4,41,103,19
Jowar,Kharif,5.6,7.56,46,103,15.5
Jowar,Kharif,5.49,7.52,31,98,17.2
Jowar,Kharif,5.36,7.5,48,101,14
Jowar,Kharif,5.69,7.54,38,96,19.9
Jowar,Kharif,5.46,7.43,36,95,15.5
Jowar,Kharif,5.59,7.58,46,103,17.9
Jowar,Kharif,5.63,7.59,38,108,16.3
Jowar,Kharif,5.64,7.31,46,93,14.6
Jowar,Kharif,5.47,7.33,49,102,15.4
Jowar,Kharif,5.65,7.32,40,94,19.7
Jowar,Kharif,5.48,7.3,33,100,16.1
Jowar,Kharif,5.42,7.65,33,90,15.4
Jowar,Kharif,5.46,7.34,30,98,17.1
Jowar,Kharif,5.38,7.4,33,95,15.8
Jowar,Kharif,5.37,7.56,40,95,14.5
Jowar,Kharif,5.56,7.58,30,91,14.9
Jowar,Kharif,5.52,7.49,32,94,17.1
Jowar,Kharif,5.58,7.34,44,106,18.4
Jowar,Kharif,5.59,7.38,33,96,14.2
Jowar,Kharif,5.4,7.37,33,100,16.9
Jowar,Kharif,5.55,7.59,47,105,17.3
Jowar,Kharif,5.46,7.45,42,94,19.1
Jowar,Kharif,5.51,7.5,36,106,18.1
Jowar,Kharif,5.69,7.43,33,95,14.7
Jowar,Kharif,5.58,7.56,48,105,16.3
Jowar,Kharif,5.3,7.58,30,106,18.9
Jowar,Kharif,5.52,7.61,47,93,17.9
Jowar,Kharif,5.45,7.65,40,96,16.4
Jowar,Kharif,5.59,7.5,42,100,18.4
Jowar,Kharif,5.62,7.54,44,104,18.4
Jowar,Kharif,5.4,7.4,38,103,16.9
Jowar,Kharif,5.4,7.43,35,102,18.3
Jowar,Kharif,5.34,7.45,30,106,14.6
Jowar,Kharif,5.59,7.3,44,100,17.5
Jowar,Kharif,5.42,7.48,46,105,17.3
Jowar,Kharif,5.41,7.44,35,101,16.4
Jowar,Kharif,5.5,7.48,46,97,15.6
Jowar,Kharif,5.38,7.33,35,95,15.6
Jowar,Kharif,5.56,7.33,45,96,14
Jowar,Kharif,5.56,7.39,49,107,15.2
Jowar,Kharif,5.64,7.51,45,99,18.9
Jowar,Kharif,5.47,7.4,33,98,19.4
Jowar,Kharif,5.45,7.36,31,95,16
Jowar,Kharif,5.37,7.43,37,96,14.9
Jowar,Kharif,5.64,7.4,46,106,18.9
Jowar,Kharif,5.44,7.53,38,91,18.9
Jowar,Kharif,5.58,7.41,48,94,14
Jowar,Kharif,5.65,7.57,44,91,15.2
Jowar,Kharif,5.31,7.38,45,109,18.7
Jowar,Kharif,5.68,7.37,30,105,15
Jowar,Kharif,5.34,7.32,47,99,17.3
Jowar,Kharif,5.51,7.64,31,97,17.1
Jowar,Kharif,5.63,7.52,43,97,16.2
Jowar,Kharif,5.3,7.64,49,105,14.5
Jowar,Kharif,5.65,7.67,48,104,19.2
Jowar,Kharif,5.31,7.55,36,108,16
Jowar,Kharif,5.53,7.58,33,102,16.7
Jowar,Kharif,5.45,7.36,40,108,15.9
Jowar,Kharif,5.66,7.62,43,102,18.8
Jowar,Kharif,5.41,7.44,45,90,18
Jowar,Kharif,5.52,7.68,43,99,14.1
Jowar,Kharif,5.58,7.32,46,107,15.7
Jowar,Kharif,5.49,7.67,44,99,18.9
Jowar,Kharif,5.62,7.63,44,107,16.8
Jowar,Kharif,5.62,7.51,30,106,15.1
Jowar,Kharif,5.6,7.34,39,95,14.5
Jowar,Kharif,5.34,7.64,45,96,15.1
Jowar,Kharif,5.37,7.64,45,104,16.4
Jowar,Kharif,5.52,7.35,37,100,15.1
Jowar,Kharif,5.52,7.36,47,100,19.4
Jowar,Kharif,5.38,7.4,43,91,15.1
Jowar,Kharif,5.41,7.54,37,108,18.9
Jowar,Kharif,5.42,7.32,47,97,17.9
Jowar,Kharif,5.45,7.59,37,107,16.6
Jowar,Kharif,5.58,7.59,37,106,17.7
Jowar,Kharif,5.51,7.45,47,108,17.1
Jowar,Kharif,5.64,7.65,43,106,19.9
Jowar,Kharif,5.38,7.39,42,94,19.3
Jowar,Kharif,5.5,7.49,44,91,15.1
Jowar,Kharif,5.69,7.5,35,92,15.8
Jowar,Kharif,5.69,7.38,35,97,15.7
Jowar,Kharif,5.69,7.35,48,103,17.4
Jowar,Kharif,5.44,7.67,47,91,17.6
Jowar,Kharif,5.42,7.58,36,99,15.5
Bajra,Kharif,5.34,7.61,42,76,15
Bajra,Kharif,5.69,7.31,42,83,18
Bajra,Kharif,5.53,7.5,48,73,16.5
Bajra,Kharif,5.36,7.45,33,75,17
Bajra,Kharif,5.63,7.62,39,73,15.5
Bajra,Kharif,5.65,7.36,34,79,14.8
Bajra,Kharif,5.68,7.69,30,89,17.5
Bajra,Kharif,5.52,7.37,39,72,17.9
Bajra,Kharif,5.58,7.5,44,73,15.3
Bajra,Kharif,5.69,7.36,47,78,18
Bajra,Kharif,5.32,7.46,33,73,16.1
Bajra,Kharif,5.49,7.57,33,74,15.7
Bajra,Kharif,5.34,7.34,30,70,13.7
Bajra,Kharif,5.63,7.42,43,81,18.3
Bajra,Kharif,5.37,7.4,30,79,15
Bajra,Kharif,5.62,7.38,48,78,13.7
Bajra,Kharif,5.33,7.4,42,75,15.8
Bajra,Kharif,5.68,7.36,38,77,18.6
Bajra,Kharif,5.42,7.5,32,80,13.6
Bajra,Kharif,5.4,7.59,36,87,15.7
Bajra,Kharif,5.56,7.58,45,81,15.7
Bajra,Kharif,5.38,7.67,31,76,15.3
Bajra,Kharif,5.5,7.31,40,76,17.8
Bajra,Kharif,5.44,7.65,33,85,18.4
Bajra,Kharif,5.6,7.55,41,87,13.4
Bajra,Kharif,5.52,7.68,49,71,18.1
Bajra,Kharif,5.59,7.67,35,85,18
Bajra,Kharif,5.61,7.65,35,73,13.4
Bajra,Kharif,5.36,7.56,47,75,15.5
Bajra,Kharif,5.49,7.35,38,79,18.6
Bajra,Kharif,5.57,7.55,44,80,15
Bajra,Kharif,5.44,7.68,41,74,18.6
Bajra,Kharif,5.64,7.59,44,89,13.1
Bajra,Kharif,5.42,7.38,34,88,16.4
Bajra,Kharif,5.48,7.41,37,88,15.4
Bajra,Kharif,5.64,7.7,35,86,18.9
Bajra,Kharif,5.34,7.53,46,75,15.1
Bajra,Kharif,5.33,7.46,49,79,17.8
Bajra,Kharif,5.36,7.56,30,86,13.4
Bajra,Kharif,5.31,7.47,48,87,14
Bajra,Kharif,5.55,7.48,38,88,14.1
Bajra,Kharif,5.46,7.53,45,88,14.6
Bajra,Kharif,5.51,7.54,48,86,16.8
Bajra,Kharif,5.35,7.62,34,72,18.9
Bajra,Kharif,5.46,7.35,38,83,18.9
Bajra,Kharif,5.37,7.62,36,70,14.8
Bajra,Kharif,5.69,7.5,42,83,18.7
Bajra,Kharif,5.64,7.38,41,75,17.9
Bajra,Kharif,5.3,7.69,43,85,15.8
Bajra,Kharif,5.53,7.65,30,70,15.5
Bajra,Kharif,5.63,7.42,46,81,16.1
Bajra,Kharif,5.39,7.31,46,83,17
Bajra,Kharif,5.3,7.58,40,88,18.3
Bajra,Kharif,5.57,7.54,43,76,13.6
Bajra,Kharif,5.42,7.62,32,89,17.3
Bajra,Kharif,5.42,7.57,48,84,18.2
Bajra,Kharif,5.55,7.35,30,84,14.6
Bajra,Kharif,5.61,7.46,48,79,14.6
Bajra,Kharif,5.67,7.62,35,85,13.8
Bajra,Kharif,5.46,7.64,32,85,14.3
Bajra,Kharif,5.6,7.54,42,70,13.3
Bajra,Kharif,5.58,7.45,49,72,18.2
Bajra,Kharif,5.61,7.57,31,83,17.7
Bajra,Kharif,5.33,7.48,49,77,18.4
Bajra,Kharif,5.46,7.49,37,75,18.2
Bajra,Kharif,5.68,7.46,40,86,13.3
Bajra,Kharif,5.53,7.69,44,79,17.3
Bajra,Kharif,5.39,7.66,39,78,16.8
Bajra,Kharif,5.52,7.43,49,78,18.8
Bajra,Kharif,5.64,7.67,31,72,16.8
Bajra,Kharif,5.57,7.5,47,83,13.2
Bajra,Kharif,5.6,7.42,39,72,16.6
Bajra,Kharif,5.62,7.63,33,89,18.9
Bajra,Kharif,5.67,7.4,34,88,15.5
Bajra,Kharif,5.56,7.6,31,73,15.3
Bajra,Kharif,5.41,7.4,40,73,15.9
Bajra,Kharif,5.57,7.4,32,74,16.4
Bajra,Kharif,5.68,7.58,33,85,15
Bajra,Kharif,5.56,7.55,30,89,15.9
Bajra,Kharif,5.57,7.62,36,87,16.1
Bajra,Kharif,5.36,7.37,34,72,14.6
Bajra,Kharif,5.41,7.63,44,83,15
Bajra,Kharif,5.59,7.55,40,79,14.5
Bajra,Kharif,5.48,7.37,45,77,14.8
Bajra,Kharif,5.69,7.31,40,78,17.8
Bajra,Kharif,5.54,7.56,42,76,15.8
Bajra,Kharif,5.42,7.68,40,70,16.5
Bajra,Kharif,5.65,7.4,46,71,16.4
Bajra,Kharif,5.65,7.48,36,82,13.9
Bajra,Kharif,5.33,7.4,31,79,15.7
Bajra,Kharif,5.47,7.64,30,87,14.7
Bajra,Kharif,5.31,7.61,30,85,17.3
Bajra,Kharif,5.58,7.68,43,75,14.9
Bajra,Kharif,5.38,7.43,42,74,19
Bajra,Kharif,5.49,7.32,40,75,14
Bajra,Kharif,5.69,7.5,48,82,18.6
Bajra,Kharif,5.5,7.69,46,89,18.7
Bajra,Kharif,5.3,7.56,39,75,16.7
Bajra,Kharif,5.61,7.4,48,78,14
Bajra,Kharif,5.55,7.48,44,87,13
Ragi,Kharif,5.1,7.19,46,98,12.3
Ragi,Kharif,5.18,7.03,50,92,17.5
Ragi,Kharif,5.08,6.84,56,101,17.5
Ragi,Kharif,4.87,7.13,41,95,17.4
Ragi,Kharif,4.9,7.06,44,103,16.2
Ragi,Kharif,5.12,7.05,46,102,12.5
Ragi,Kharif,4.81,7.11,48,105,13.9
Ragi,Kharif,4.89,7.1,49,109,12.7
Ragi,Kharif,4.94,6.89,43,95,18
Ragi,Kharif,4.87,7.13,48,90,17.9
Ragi,Kharif,4.85,6.85,46,93,13
Ragi,Kharif,4.98,6.82,42,97,13.3
Ragi,Kharif,4.96,7,59,95,14.8
Ragi,Kharif,4.88,6.98,47,90,16.9
Ragi,Kharif,5.14,6.81,53,96,12.1
Ragi,Kharif,4.93,7.11,46,91,16.4
Ragi,Kharif,5.04,7,52,106,16
Ragi,Kharif,5.12,6.91,59,102,14.1
Ragi,Kharif,4.8,7.16,53,105,14
Ragi,Kharif,5.09,6.83,41,106,12
Ragi,Kharif,5.16,7.15,44,106,17.5
Ragi,Kharif,5.03,7.06,57,104,16.7
Ragi,Kharif,4.88,7.04,51,98,13
Ragi,Kharif,4.98,7,51,102,13.7
Ragi,Kharif,5.18,7.17,45,94,15.2
Ragi,Kharif,5.1,6.99,47,101,13.6
Ragi,Kharif,4.93,7.09,55,107,13.8
Ragi,Kharif,5.07,7.07,57,97,14
Ragi,Kharif,5.11,6.83,46,108,13.9
Ragi,Kharif,5.1,6.81,45,102,16
Ragi,Kharif,4.96,6.86,53,98,14.5
Ragi,Kharif,4.94,6.93,58,94,14.3
Ragi,Kharif,5,7.02,57,90,17.5
Ragi,Kharif,5.04,7.17,44,96,17.1
Ragi,Kharif,4.96,7.03,57,97,17.3
Ragi,Kharif,5.16,7,42,95,16.4
Ragi,Kharif,4.85,7.2,44,105,17.2
Ragi,Kharif,5.17,7.08,49,95,15.2
Ragi,Kharif,5.11,6.92,54,109,14.3
Ragi,Kharif,5.13,6.94,46,102,18
Ragi,Kharif,5.1,7.02,55,107,13.3
Ragi,Kharif,5.12,7.08,52,92,17
Ragi,Kharif,5,7.08,47,108,12.1
Ragi,Kharif,4.93,7.04,45,94,12.1
Ragi,Kharif,4.84,7.01,47,109,16.9
Ragi,Kharif,5,7.18,40,109,15.5
Ragi,Kharif,4.99,7.06,45,91,17
Ragi,Kharif,5.18,7.03,54,104,17
Ragi,Kharif,4.88,7.01,44,92,13.2
Ragi,Kharif,4.96,7.06,40,101,17.2
Ragi,Kharif,5.19,6.93,58,93,12.3
Ragi,Kharif,4.98,6.85,45,104,14.3
Ragi,Kharif,5.11,6.92,49,96,12.2
Ragi,Kharif,5.2,7.11,58,94,14.7
Ragi,Kharif,5.09,6.84,46,90,15.9
Ragi,Kharif,4.87,6.96,42,94,14.6
Ragi,Kharif,4.9,7.01,47,92,15.4
Ragi,Kharif,4.98,6.89,44,105,12.2
Ragi,Kharif,5.19,6.86,52,109,17.3
Ragi,Kharif,5.07,7.05,40,92,12.2
Ragi,Kharif,5.09,6.96,51,95,13.7
Ragi,Kharif,4.94,7.09,50,93,14.1
Ragi,Kharif,4.81,7.06,57,98,17.8
Ragi,Kharif,5.19,6.84,48,98,14.5
Ragi,Kharif,5.01,6.9,44,104,12.2
Ragi,Kharif,4.84,7.19,46,107,12.9
Ragi,Kharif,4.83,7.07,44,96,17.4
Ragi,Kharif,5.16,7.1,57,96,18
Ragi,Kharif,4.85,7.01,49,108,13.9
Ragi,Kharif,5.19,7,59,100,15.8
Ragi,Kharif,5.09,6.99,55,103,14.7
Ragi,Kharif,4.84,7.17,53,100,13.7
Ragi,Kharif,5.12,7.15,58,100,16.7
Ragi,Kharif,5.14,7.01,53,106,12.2
Ragi,Kharif,5.03,7.01,40,103,12.9
Ragi,Kharif,5.18,6.95,42,97,12.5
Ragi,Kharif,5.14,7.12,41,90,14.4
Ragi,Kharif,4.91,6.85,48,90,13.8
Ragi,Kharif,4.92,7.13,57,94,16.8
Ragi,Kharif,4.97,6.92,42,102,16.2
Ragi,Kharif,4.88,7.2,50,100,17.1
Ragi,Kharif,5.19,7.15,59,105,15
Ragi,Kharif,4.84,7.14,48,101,14.5
Ragi,Kharif,5.07,6.95,58,105,16.4
Ragi,Kharif,4.86,7.09,54,102,15.2
Ragi,Kharif,4.82,6.98,53,100,13.3
Ragi,Kharif,4.88,6.91,43,98,13
Ragi,Kharif,4.9,7.14,51,100,16.8
Ragi,Kharif,4.95,7.11,43,93,15.5
Ragi,Kharif,4.93,6.93,49,105,13.5
Ragi,Kharif,4.84,7.03,56,107,13
Ragi,Kharif,4.85,6.85,47,105,15.9
Ragi,Kharif,5.01,7.13,57,105,17.5
Ragi,Kharif,4.93,7.11,53,105,12.5
Ragi,Kharif,5.04,6.84,42,100,15.6
Ragi,Kharif,4.98,6.96,46,106,16.7
Ragi,Kharif,4.91,7.13,57,90,13.4
Ragi,Kharif,4.84,6.86,54,97,16.2
Ragi,Kharif,5.07,6.87,51,95,12.3
Ragi,Kharif,5.17,7.04,51,105,17.3
Sunflower,Kharif,6.06,7.62,34,93,14.3
Sunflower,Kharif,6.16,7.51,33,98,15.4
Sunflower,Kharif,6.13,7.67,36,100,13.6
Sunflower,Kharif,5.86,7.45,38,103,12.8
Sunflower,Kharif,6.02,7.57,41,95,12.4
Sunflower,Kharif,5.82,7.36,38,97,11.8
Sunflower,Kharif,5.91,7.5,39,98,11.5
Sunflower,Kharif,6.13,7.5,34,101,12.4
Sunflower,Kharif,6.04,7.57,32,107,11.3
Sunflower,Kharif,6.14,7.56,46,97,15.8
Sunflower,Kharif,5.9,7.52,42,101,15.7
Sunflower,Kharif,5.94,7.62,32,95,16.3
Sunflower,Kharif,5.9,7.37,41,93,16.2
Sunflower,Kharif,6.14,7.5,35,100,13.8
Sunflower,Kharif,6.11,7.5,42,109,13.6
Sunflower,Kharif,5.81,7.5,38,98,14
Sunflower,Kharif,6.07,7.64,38,105,11.8
Sunflower,Kharif,5.82,7.51,38,108,14.7
Sunflower,Kharif,6.19,7.31,41,109,15.9
Sunflower,Kharif,5.84,7.66,30,104,11.4
Sunflower,Kharif,5.97,7.46,47,99,12.6
Sunflower,Kharif,5.95,7.54,31,101,13.2
Sunflower,Kharif,5.92,7.44,39,101,16
Sunflower,Kharif,6.09,7.43,42,91,12
Sunflower,Kharif,5.88,7.53,39,93,14.9
Sunflower,Kharif,5.93,7.66,42,97,13.9
Sunflower,Kharif,6.03,7.62,45,102,15.6
Sunflower,Kharif,6.04,7.67,34,104,16
Sunflower,Kharif,6.1,7.55,46,106,16.2
Sunflower,Kharif,6.17,7.65,37,105,16.7
Sunflower,Kharif,6.11,7.7,47,106,14.9
Sunflower,Kharif,6.12,7.7,47,101,14.8
Sunflower,Kharif,6.06,7.58,37,102,16
Sunflower,Kharif,6.03,7.7,32,94,12.8
Sunflower,Kharif,6.05,7.45,47,103,14.8
Sunflower,Kharif,6.09,7.43,42,108,16.7
Sunflower,Kharif,6.12,7.31,43,103,13.7
Sunflower,Kharif,6.15,7.4,45,107,11.1
Sunflower,Kharif,6.1,7.34,39,106,16.4
Sunflower,Kharif,5.84,7.59,31,103,12.2
Sunflower,Kharif,6.07,7.57,33,103,14.6
Sunflower,Kharif,6.05,7.64,41,103,11.5
Sunflower,Kharif,5.84,7.58,43,102,14.3
Sunflower,Kharif,5.9,7.46,49,96,12.8
Sunflower,Kharif,5.83,7.42,40,93,14
Sunflower,Kharif,5.89,7.5,32,90,15.4
Sunflower,Kharif,6,7.68,44,98,14.7
Sunflower,Kharif,6.13,7.65,32,90,14.6
Sunflower,Kharif,6.09,7.32,47,100,16.3
Sunflower,Kharif,5.84,7.55,41,98,13.5
Sunflower,Kharif,5.97,7.38,45,104,11.9
Sunflower,Kharif,6.19,7.34,41,93,14.5
Sunflower,Kharif,6.06,7.56,34,107,12
Sunflower,Kharif,5.91,7.31,42,108,13.5
Sunflower,Kharif,5.82,7.41,39,93,11.8
Sunflower,Kharif,5.81,7.55,36,92,12.6
Sunflower,Kharif,5.97,7.48,46,108,15.3
Sunflower,Kharif,5.97,7.67,35,90,14.3
Sunflower,Kharif,5.92,7.45,49,108,15.2
Sunflower,Kharif,6.11,7.32,30,91,11.5
Sunflower,Kharif,5.89,7.38,33,98,12
Sunflower,Kharif,5.81,7.35,46,96,14.2
Sunflower,Kharif,6.01,7.67,35,97,11.5
Sunflower,Kharif,6.15,7.45,37,95,11.4
Sunflower,Kharif,6,7.6,33,108,13.4
Sunflower,Kharif,6.03,7.69,33,108,11.1
Sunflower,Kharif,6.05,7.56,44,95,13.4
Sunflower,Kharif,5.96,7.47,38,98,13
Sunflower,Kharif,5.81,7.33,42,108,14.5
Sunflower,Kharif,6.11,7.34,33,109,15.5
Sunflower,Kharif,6.16,7.61,49,95,12.2
Sunflower,Kharif,6.07,7.63,41,94,16.3
Sunflower,Kharif,6.14,7.65,46,91,15
Sunflower,Kharif,6.01,7.67,42,101,11.6
Sunflower,Kharif,6.13,7.44,43,91,16.8
Sunflower,Kharif,5.82,7.63,40,106,14.8
Sunflower,Kharif,6.19,7.35,33,92,14.8
Sunflower,Kharif,5.81,7.5,48,101,12.5
Sunflower,Kharif,6.16,7.43,47,109,11.1
Sunflower,Kharif,5.84,7.48,37,92,13.1
Sunflower,Kharif,5.86,7.37,46,91,16.3
Sunflower,Kharif,6.19,7.44,36,106,15.9
Sunflower,Kharif,5.97,7.43,46,101,12.4
Sunflower,Kharif,6.15,7.46,48,103,13.7
Sunflower,Kharif,5.81,7.69,45,94,12.9
Sunflower,Kharif,6.06,7.69,43,105,11.5
Sunflower,Kharif,5.98,7.63,44,98,13
Sunflower,Kharif,6.04,7.58,46,93,12.2
Sunflower,Kharif,6.12,7.52,46,93,15.8
Sunflower,Kharif,5.96,7.48,45,101,14.1
Sunflower,Kharif,6.14,7.34,36,103,14
Sunflower,Kharif,5.9,7.42,32,102,15
Sunflower,Kharif,5.89,7.33,45,101,14.3
Sunflower,Kharif,5.99,7.52,33,93,16
Sunflower,Kharif,6.13,7.67,40,108,14.1
Sunflower,Kharif,5.9,7.35,35,91,15
Sunflower,Kharif,5.96,7.48,44,91,13
Sunflower,Kharif,5.97,7.38,37,100,11.4
Sunflower,Kharif,5.86,7.6,39,91,16.7
Sunflower,Kharif,6.09,7.47,45,102,16.3
Chickpea,Rabi,5.92,7.67,44,105,16
Chickpea,Rabi,6.19,7.4,33,98,15.9
Chickpea,Rabi,5.89,7.43,44,102,16.3
Chickpea,Rabi,5.99,7.31,30,97,15.2
Chickpea,Rabi,6.01,7.34,39,90,14.2
Chickpea,Rabi,5.96,7.66,49,93,13.7
Chickpea,Rabi,6.13,7.3,43,108,14.7
Chickpea,Rabi,6.17,7.53,38,106,17.6
Chickpea,Rabi,6.07,7.46,44,96,17.4
Chickpea,Rabi,5.91,7.69,38,92,17.3
Chickpea,Rabi,6.08,7.48,47,97,14.7
Chickpea,Rabi,5.83,7.64,33,104,17
Chickpea,Rabi,5.82,7.42,46,101,18.3
Chickpea,Rabi,5.85,7.42,43,106,15.3
Chickpea,Rabi,5.95,7.64,30,105,14
Chickpea,Rabi,6.13,7.32,41,107,14.2
Chickpea,Rabi,5.88,7.41,35,95,16.9
Chickpea,Rabi,5.83,7.53,47,106,13.9
Chickpea,Rabi,6,7.31,38,101,14.8
Chickpea,Rabi,5.8,7.57,34,91,16.4
Chickpea,Rabi,6.11,7.38,46,99,18.5
Chickpea,Rabi,6.02,7.55,43,108,18.3
Chickpea,Rabi,5.87,7.53,41,103,14.2
Chickpea,Rabi,6.05,7.63,43,102,16.2
Chickpea,Rabi,6,7.43,34,103,15
Chickpea,Rabi,6.17,7.31,37,106,18.2
Chickpea,Rabi,5.9,7.53,38,103,16.9
Chickpea,Rabi,6.08,7.59,37,98,15.8
Chickpea,Rabi,6.07,7.53,42,92,14.4
Chickpea,Rabi,6.15,7.41,45,93,18.1
Chickpea,Rabi,5.82,7.54,39,95,14.6
Chickpea,Rabi,5.89,7.41,41,102,16
Chickpea,Rabi,5.8,7.56,40,103,18.5
Chickpea,Rabi,5.86,7.41,48,107,17.3
Chickpea,Rabi,5.83,7.51,43,91,17
Chickpea,Rabi,6.16,7.53,49,105,14.4
Chickpea,Rabi,5.89,7.38,48,93,15.7
Chickpea,Rabi,5.91,7.66,45,92,17.2
Chickpea,Rabi,6.1,7.47,42,90,13.7
Chickpea,Rabi,6.02,7.49,44,92,14.5
Chickpea,Rabi,5.88,7.48,30,92,15.6
Chickpea,Rabi,6.13,7.35,42,101,13.8
Chickpea,Rabi,6.04,7.6,34,99,13.4
Chickpea,Rabi,6.09,7.66,38,92,15.2
Chickpea,Rabi,6.08,7.55,38,90,15.2
Chickpea,Rabi,6.18,7.32,44,103,18.1
Chickpea,Rabi,5.81,7.34,42,101,18.3
Chickpea,Rabi,5.94,7.52,32,104,18.6
Chickpea,Rabi,5.88,7.44,35,101,13.3
Chickpea,Rabi,5.96,7.35,35,95,17.6
Chickpea,Rabi,5.84,7.3,47,91,15.2
Chickpea,Rabi,5.99,7.38,33,109,18.6
Chickpea,Rabi,6.06,7.4,32,98,14.5
Chickpea,Rabi,5.92,7.52,42,100,17.9
Chickpea,Rabi,6.14,7.46,35,90,17.2
Chickpea,Rabi,6.04,7.63,44,96,14.1
Chickpea,Rabi,6.1,7.56,47,91,15
Chickpea,Rabi,5.98,7.33,32,96,18.4
Chickpea,Rabi,5.95,7.6,42,108,18.6
Chickpea,Rabi,6.14,7.48,44,105,13.3
Chickpea,Rabi,5.96,7.43,34,96,14.4
Chickpea,Rabi,5.97,7.51,39,94,18.5
Chickpea,Rabi,6.16,7.36,37,107,16.2
Chickpea,Rabi,5.99,7.33,34,96,14.4
Chickpea,Rabi,6.08,7.59,44,107,16.7
Chickpea,Rabi,5.91,7.31,47,90,14.9
Chickpea,Rabi,5.96,7.51,38,95,13.4
Chickpea,Rabi,5.89,7.46,46,97,13.2
Chickpea,Rabi,6.2,7.41,36,105,17.1
Chickpea,Rabi,6.18,7.69,46,97,13.8
Chickpea,Rabi,6.11,7.4,40,94,15.2
Chickpea,Rabi,6.06,7.31,38,97,17.4
Chickpea,Rabi,6.18,7.35,40,108,14.6
Chickpea,Rabi,5.86,7.38,35,107,14.8
Chickpea,Rabi,5.87,7.64,43,102,17.1
Chickpea,Rabi,5.91,7.69,38,93,18.8
Chickpea,Rabi,6.02,7.39,41,106,14.2
Chickpea,Rabi,6.19,7.33,46,104,18.9
Chickpea,Rabi,6.19,7.55,38,99,15.8
Chickpea,Rabi,6.14,7.54,31,100,17.7
Chickpea,Rabi,5.89,7.33,47,90,14.4
Chickpea,Rabi,5.82,7.45,44,92,17.3
Chickpea,Rabi,6.08,7.35,45,105,16.3
Chickpea,Rabi,5.85,7.63,36,104,14.7
Chickpea,Rabi,5.95,7.7,40,109,14.9
Chickpea,Rabi,6.06,7.41,30,106,15
Chickpea,Rabi,6.19,7.5,45,104,13.7
Chickpea,Rabi,5.89,7.64,45,101,15.3
Chickpea,Rabi,5.88,7.59,37,94,18.6
Chickpea,Rabi,5.91,7.36,40,101,16.5
Chickpea,Rabi,6.12,7.34,39,96,13.8
Chickpea,Rabi,5.82,7.35,39,106,17.7
Chickpea,Rabi,5.92,7.61,32,100,13.8
Chickpea,Rabi,5.97,7.52,33,93,18.9
Chickpea,Rabi,6.06,7.31,48,93,16.9
Chickpea,Rabi,6.12,7.57,48,106,17.3
Chickpea,Rabi,5.81,7.52,31,90,14.7
Chickpea,Rabi,6.08,7.46,42,91,18.3
Chickpea,Rabi,6.18,7.49,41,96,15.8
Chickpea,Rabi,5.9,7.31,34,99,17.1
Pigeon Pea,Kharif,5.3,6.87,65,152,20.3
Pigeon Pea,Kharif,5.61,7.11,65,152,18.4
Pigeon Pea,Kharif,5.47,7.02,63,153,19.9
Pigeon Pea,Kharif,5.5,6.91,63,158,18.3
Pigeon Pea,Kharif,5.43,7.17,59,148,19
Pigeon Pea,Kharif,5.52,6.98,62,144,15.9
Pigeon Pea,Kharif,5.36,6.8,57,158,18.7
Pigeon Pea,Kharif,5.52,7.09,56,147,20.4
Pigeon Pea,Kharif,5.7,7.12,50,156,20
Pigeon Pea,Kharif,5.62,6.95,56,149,19.6
Pigeon Pea,Kharif,5.47,6.88,63,153,15.9
Pigeon Pea,Kharif,5.34,7.09,68,140,15.4
Pigeon Pea,Kharif,5.39,6.84,68,150,17.5
Pigeon Pea,Kharif,5.59,7.19,56,153,18.8
Pigeon Pea,Kharif,5.68,6.86,61,151,18.6
Pigeon Pea,Kharif,5.68,6.97,68,158,17.1
Pigeon Pea,Kharif,5.4,7.02,56,155,16.5
Pigeon Pea,Kharif,5.62,7.09,62,147,19.8
Pigeon Pea,Kharif,5.35,7.11,53,149,17.3
Pigeon Pea,Kharif,5.6,7.03,61,151,17.8
Pigeon Pea,Kharif,5.33,6.87,68,147,16.2
Pigeon Pea,Kharif,5.66,7.12,54,158,20.2
Pigeon Pea,Kharif,5.55,7.07,54,152,19
Pigeon Pea,Kharif,5.65,6.94,54,151,16.6
Pigeon Pea,Kharif,5.34,7.01,52,144,18.2
Pigeon Pea,Kharif,5.56,6.81,66,140,16.2
Pigeon Pea,Kharif,5.33,7.2,66,158,16.7
Pigeon Pea,Kharif,5.58,7.03,58,154,17.5
Pigeon Pea,Kharif,5.65,6.85,56,157,15.1
Pigeon Pea,Kharif,5.45,6.93,51,143,15.3
Pigeon Pea,Kharif,5.32,7.19,61,155,20.2
Pigeon Pea,Kharif,5.35,6.93,61,145,17.4
Pigeon Pea,Kharif,5.55,6.96,59,155,15.3
Pigeon Pea,Kharif,5.47,7.05,58,151,20.7
Pigeon Pea,Kharif,5.33,6.99,69,152,16.2
Pigeon Pea,Kharif,5.45,6.97,58,157,17.1
Pigeon Pea,Kharif,5.32,6.84,63,151,15.1
Pigeon Pea,Kharif,5.49,6.83,58,157,20.5
Pigeon Pea,Kharif,5.4,7.03,62,148,15.1
Pigeon Pea,Kharif,5.47,6.85,68,155,18.9
Pigeon Pea,Kharif,5.5,6.9,53,149,21
Pigeon Pea,Kharif,5.45,6.99,68,150,19.3
Pigeon Pea,Kharif,5.47,6.99,66,157,20.6
Pigeon Pea,Kharif,5.63,7.18,65,145,16.6
Pigeon Pea,Kharif,5.38,6.96,56,140,17.9
Pigeon Pea,Kharif,5.44,6.85,62,149,20
Pigeon Pea,Kharif,5.3,7.17,51,142,16.9
Pigeon Pea,Kharif,5.39,6.99,59,142,15.4
Pigeon Pea,Kharif,5.33,6.97,62,148,19.9
Pigeon Pea,Kharif,5.51,7.08,64,140,17
Pigeon Pea,Kharif,5.62,6.82,56,153,17.1
Pigeon Pea,Kharif,5.35,6.98,51,156,17.9
Pigeon Pea,Kharif,5.66,7.15,63,140,18.7
Pigeon Pea,Kharif,5.45,6.93,53,140,15.5
Pigeon Pea,Kharif,5.37,7.12,50,159,15.1
Pigeon Pea,Kharif,5.37,7,58,145,16.2
Pigeon Pea,Kharif,5.31,6.89,57,153,20.2
Pigeon Pea,Kharif,5.37,6.98,63,147,20.7
Pigeon Pea,Kharif,5.4,6.96,68,148,17.8
Pigeon Pea,Kharif,5.3,7.09,56,152,16.5
Pigeon Pea,Kharif,5.61,7.05,52,149,17.1
Pigeon Pea,Kharif,5.43,7.18,51,150,18.4
Pigeon Pea,Kharif,5.46,7.05,56,159,15.4
Pigeon Pea,Kharif,5.69,7.19,50,152,15.4
Pigeon Pea,Kharif,5.55,6.87,50,150,17.4
Pigeon Pea,Kharif,5.56,7.09,64,151,20
Pigeon Pea,Kharif,5.33,7.12,50,155,19.6
Pigeon Pea,Kharif,5.69,6.96,68,148,18.6
Pigeon Pea,Kharif,5.53,7.12,54,147,16.4
Pigeon Pea,Kharif,5.43,7.17,55,146,15.6
Pigeon Pea,Kharif,5.36,6.98,61,150,16.5
Pigeon Pea,Kharif,5.35,7.16,52,159,20.4
Pigeon Pea,Kharif,5.35,7.15,50,159,17
Pigeon Pea,Kharif,5.59,7.11,54,147,19.6
Pigeon Pea,Kharif,5.54,7.19,51,150,17.2
Pigeon Pea,Kharif,5.59,7.04,65,145,20.9
Pigeon Pea,Kharif,5.32,7.03,56,142,15.3
Pigeon Pea,Kharif,5.42,6.82,54,156,20
Pigeon Pea,Kharif,5.56,7,61,156,19.5
Pigeon Pea,Kharif,5.4,7.06,66,148,20.6
Pigeon Pea,Kharif,5.57,7.19,56,143,18.4
Pigeon Pea,Kharif,5.46,7.06,51,140,19.7
Pigeon Pea,Kharif,5.48,6.82,53,153,15.4
Pigeon Pea,Kharif,5.34,6.88,55,146,16.4
Pigeon Pea,Kharif,5.33,7.02,67,148,19.8
Pigeon Pea,Kharif,5.44,6.96,62,151,17.3
Pigeon Pea,Kharif,5.43,7.11,50,156,18.5
Pigeon Pea,Kharif,5.35,7.18,58,145,17.7
Pigeon Pea,Kharif,5.59,7.02,51,158,15.1
Pigeon Pea,Kharif,5.61,6.94,53,144,17.6
Pigeon Pea,Kharif,5.63,7.14,59,153,20
Pigeon Pea,Kharif,5.44,7.14,59,143,19.7
Pigeon Pea,Kharif,5.34,6.85,53,155,17.3
Pigeon Pea,Kharif,5.47,7.15,51,144,15.6
Pigeon Pea,Kharif,5.36,7.05,67,145,19.7
Pigeon Pea,Kharif,5.63,7.14,67,146,19.9
Pigeon Pea,Kharif,5.69,6.84,53,142,15.7
Pigeon Pea,Kharif,5.66,7.01,68,158,20.9
Pigeon Pea,Kharif,5.47,7.12,61,142,19.8
Pigeon Pea,Kharif,5.56,7.13,54,159,19.6
Lentil,Rabi,5.84,7.32,23,94,15.1
Lentil,Rabi,6.02,7.49,23,83,13
Lentil,Rabi,5.98,7.67,28,82,17.1
Lentil,Rabi,5.97,7.49,37,97,16.1
Lentil,Rabi,5.8,7.51,34,81,16.1
Lentil,Rabi,6.2,7.46,32,88,15.9
Lentil,Rabi,5.95,7.68,26,88,16.7
Lentil,Rabi,5.8,7.65,21,88,12.6
Lentil,Rabi,5.92,7.69,34,82,14.5
Lentil,Rabi,5.99,7.62,29,95,12.4
Lentil,Rabi,5.8,7.67,24,97,15.1
Lentil,Rabi,6.02,7.45,20,92,15.9
Lentil,Rabi,6.14,7.45,25,80,12.6
Lentil,Rabi,6.17,7.58,33,95,15.7
Lentil,Rabi,5.8,7.6,37,84,17.1
Lentil,Rabi,6.05,7.39,35,88,17.1
Lentil,Rabi,5.95,7.53,27,87,14
Lentil,Rabi,6.02,7.42,21,88,13.9
Lentil,Rabi,6.19,7.33,23,88,12.6
Lentil,Rabi,5.97,7.49,23,98,13.6
Lentil,Rabi,5.94,7.39,32,97,15.8
Lentil,Rabi,6.02,7.6,32,86,13.5
Lentil,Rabi,6.12,7.38,37,95,15.9
Lentil,Rabi,6.17,7.61,34,90,17.9
Lentil,Rabi,5.84,7.65,33,90,13.9
Lentil,Rabi,5.99,7.56,38,90,16.8
Lentil,Rabi,6,7.47,34,82,12.4
Lentil,Rabi,5.87,7.61,35,98,12.6
Lentil,Rabi,6.14,7.43,39,99,16.7
Lentil,Rabi,6.08,7.66,29,85,15.4
Lentil,Rabi,5.96,7.32,36,97,18
Lentil,Rabi,5.9,7.35,35,89,14.6
Lentil,Rabi,6.03,7.65,24,85,12.1
Lentil,Rabi,5.91,7.6,37,81,14.4
Lentil,Rabi,5.81,7.55,25,96,14.3
Lentil,Rabi,6.17,7.52,24,89,12.8
Lentil,Rabi,5.96,7.59,31,82,13.9
Lentil,Rabi,5.87,7.51,29,80,13.5
Lentil,Rabi,6.01,7.46,33,95,13.1
Lentil,Rabi,6.05,7.32,20,97,17.8
Lentil,Rabi,5.95,7.35,21,93,16
Lentil,Rabi,5.86,7.67,20,83,17.1
Lentil,Rabi,6.05,7.55,26,84,12
Lentil,Rabi,6.13,7.45,26,89,13.1
Lentil,Rabi,5.92,7.45,25,90,15.2
Lentil,Rabi,5.86,7.68,21,99,14.4
Lentil,Rabi,5.85,7.62,23,80,16.7
Lentil,Rabi,5.91,7.42,35,87,17.7
Lentil,Rabi,6.09,7.55,22,83,17.1
Lentil,Rabi,6,7.43,25,82,13.1
Lentil,Rabi,6.19,7.42,25,86,12.7
Lentil,Rabi,5.93,7.64,33,96,17.2
Lentil,Rabi,5.98,7.37,31,91,14.7
Lentil,Rabi,6.17,7.51,31,88,12.8
Lentil,Rabi,6,7.66,37,84,12.9
Lentil,Rabi,6.18,7.37,33,95,17.3
Lentil,Rabi,5.84,7.69,21,91,16.1
Lentil,Rabi,6.19,7.64,33,83,13.4
Lentil,Rabi,6.15,7.53,29,82,14.7
Lentil,Rabi,5.88,7.34,22,96,15.1
Lentil,Rabi,6.06,7.55,31,96,17.9
Lentil,Rabi,6.06,7.39,25,98,13.6
Lentil,Rabi,5.97,7.5,23,83,15.9
Lentil,Rabi,5.94,7.34,34,89,17.5
Lentil,Rabi,5.8,7.44,27,95,17.2
Lentil,Rabi,6.05,7.35,32,86,17.9
Lentil,Rabi,6.11,7.61,29,84,12.2
Lentil,Rabi,6.13,7.43,25,93,12.8
Lentil,Rabi,6.08,7.48,34,85,13.5
Lentil,Rabi,6,7.69,23,98,15.1
Lentil,Rabi,6.18,7.4,37,86,16.9
Lentil,Rabi,5.84,7.67,24,86,13.3
Lentil,Rabi,5.91,7.47,39,85,14.9
Lentil,Rabi,6.08,7.57,39,80,15.3
Lentil,Rabi,6.03,7.45,23,83,15
Lentil,Rabi,6.02,7.36,36,86,12.6
Lentil,Rabi,5.91,7.69,23,99,14.6
Lentil,Rabi,6.03,7.31,29,86,13.2
Lentil,Rabi,5.83,7.41,20,84,12.8
Lentil,Rabi,5.92,7.69,38,88,13.1
Lentil,Rabi,6.04,7.46,34,90,15.2
Lentil,Rabi,5.97,7.51,31,93,17.2
Lentil,Rabi,5.98,7.62,21,87,12.2
Lentil,Rabi,6.2,7.67,30,89,17.7
Lentil,Rabi,5.96,7.56,39,88,12.1
Lentil,Rabi,5.96,7.5,28,96,17.8
Lentil,Rabi,5.82,7.37,36,90,15.2
Lentil,Rabi,6.02,7.6,30,93,13
Lentil,Rabi,6.05,7.61,39,94,16.3
Lentil,Rabi,6.05,7.51,37,91,12.8
Lentil,Rabi,6.13,7.69,24,83,17.6
Lentil,Rabi,6.11,7.54,35,89,17.4
Lentil,Rabi,6.09,7.32,33,81,14.5
Lentil,Rabi,5.93,7.38,39,82,13.9
Lentil,Rabi,5.9,7.41,26,93,12.3
Lentil,Rabi,6,7.7,35,82,14.1
Lentil,Rabi,5.97,7.66,24,88,14.9
Lentil,Rabi,6.02,7.38,39,80,14
Lentil,Rabi,6.19,7.67,28,92,15.5
Lentil,Rabi,6.09,7.31,35,97,15.1
Tomato,Zaid,5.43,6.85,51,153,25.3
Tomato,Zaid,5.37,7.17,46,150,24.3
Tomato,Zaid,5.33,7.04,50,152,25.3
Tomato,Zaid,5.36,6.97,55,144,24.6
Tomato,Zaid,5.35,7.01,58,146,26.6
Tomato,Zaid,5.51,6.93,45,149,24.4
Tomato,Zaid,5.34,7.12,45,152,25.3
Tomato,Zaid,5.35,7.07,53,142,27
Tomato,Zaid,5.35,7.1,45,142,23.7
Tomato,Zaid,5.48,7.04,51,159,26.3
Tomato,Zaid,5.54,7.07,48,149,24
Tomato,Zaid,5.42,7.18,57,142,25.3
Tomato,Zaid,5.3,7.05,45,143,23.5
Tomato,Zaid,5.38,7.07,55,146,23.5
Tomato,Zaid,5.45,7.15,57,153,23.2
Tomato,Zaid,5.68,7.08,40,158,27
Tomato,Zaid,5.58,7.08,50,144,25.2
Tomato,Zaid,5.69,6.87,48,141,27.6
Tomato,Zaid,5.47,7.11,44,152,24.9
Tomato,Zaid,5.66,7.08,45,158,22.9
Tomato,Zaid,5.45,6.95,56,148,23.8
Tomato,Zaid,5.56,7.16,52,145,22.3
Tomato,Zaid,5.39,6.88,57,148,24.2
Tomato,Zaid,5.42,7,47,144,22.9
Tomato,Zaid,5.66,6.84,48,150,23.8
Tomato,Zaid,5.31,7.09,53,158,22.4
Tomato,Zaid,5.46,7,48,146,24.3
Tomato,Zaid,5.69,6.95,44,157,23.6
Tomato,Zaid,5.46,7.18,42,141,26.4
Tomato,Zaid,5.61,7.09,52,155,25.3
Tomato,Zaid,5.62,6.9,45,142,27.8
Tomato,Zaid,5.4,7.07,43,150,24.6
Tomato,Zaid,5.48,6.98,58,144,26.2
Tomato,Zaid,5.33,7.14,43,151,24.1
Tomato,Zaid,5.57,7.11,47,154,24.4
Tomato,Zaid,5.65,6.99,56,147,27.6
Tomato,Zaid,5.55,7.17,51,151,27.1
Tomato,Zaid,5.53,7.04,40,144,22
Tomato,Zaid,5.56,7.1,59,154,25.5
Tomato,Zaid,5.68,7.07,51,158,24.4
Tomato,Zaid,5.41,7.04,56,147,25.6
Tomato,Zaid,5.56,6.91,59,151,22.4
Tomato,Zaid,5.65,7.15,56,140,22.8
Tomato,Zaid,5.51,7.15,53,147,24.4
Tomato,Zaid,5.65,6.85,44,146,26.4
Tomato,Zaid,5.5,6.82,41,156,26
Tomato,Zaid,5.62,7.16,48,157,24.6
Tomato,Zaid,5.43,7.03,49,148,23
Tomato,Zaid,5.39,7.04,54,153,26.7
Tomato,Zaid,5.67,6.88,57,149,28
Tomato,Zaid,5.66,7.03,50,147,25
Tomato,Zaid,5.32,7.13,41,148,22.8
Tomato,Zaid,5.32,7.08,47,158,27.9
Tomato,Zaid,5.34,7.17,42,148,26.1
Tomato,Zaid,5.52,7.17,56,159,25.6
Tomato,Zaid,5.51,7.16,47,153,23.3
Tomato,Zaid,5.54,6.94,51,145,27.1
Tomato,Zaid,5.64,7.07,59,145,24.8
Tomato,Zaid,5.63,6.88,53,140,26.3
Tomato,Zaid,5.36,7.12,48,147,23.5
Tomato,Zaid,5.52,7.06,41,147,22
Tomato,Zaid,5.68,6.85,43,154,27.6
Tomato,Zaid,5.51,6.94,43,149,26.1
Tomato,Zaid,5.57,7,48,156,24.1
Tomato,Zaid,5.43,6.8,50,143,24.5
Tomato,Zaid,5.63,7.1,54,144,26.7
Tomato,Zaid,5.55,6.97,55,142,23.3
Tomato,Zaid,5.43,7.12,48,151,26.8
Tomato,Zaid,5.49,6.94,56,142,27.7
Tomato,Zaid,5.46,6.81,53,152,25.6
Tomato,Zaid,5.69,7.15,51,153,25.1
Tomato,Zaid,5.67,7,46,143,27.4
Tomato,Zaid,5.47,6.88,41,140,26.6
Tomato,Zaid,5.3,6.92,53,141,24.5
Tomato,Zaid,5.47,7.07,47,150,24.7
Tomato,Zaid,5.7,6.9,59,157,26.1
Tomato,Zaid,5.51,6.82,45,151,22.3
Tomato,Zaid,5.6,6.96,46,154,25.6
Tomato,Zaid,5.57,7.12,49,159,25.4
Tomato,Zaid,5.4,6.97,56,152,22.5
Tomato,Zaid,5.58,7.06,56,152,24.8
Tomato,Zaid,5.67,6.9,51,149,27.2
Tomato,Zaid,5.67,7.15,54,148,26
Tomato,Zaid,5.54,6.95,40,158,25.6
Tomato,Zaid,5.4,7.15,54,156,26.7
Tomato,Zaid,5.49,7.13,40,142,24.9
Tomato,Zaid,5.46,7.08,55,151,26.9
Tomato,Zaid,5.61,6.83,49,152,25.9
Tomato,Zaid,5.31,6.9,47,141,24.9
Tomato,Zaid,5.47,7.2,54,143,25.9
Tomato,Zaid,5.66,7.03,48,147,26.2
Tomato,Zaid,5.69,6.98,53,158,23.1
Tomato,Zaid,5.3,6.8,54,153,25
Tomato,Zaid,5.53,6.83,55,152,23.5
Tomato,Zaid,5.31,7.07,52,150,25.5
Tomato,Zaid,5.65,7.11,58,151,26.2
Tomato,Zaid,5.42,6.99,50,155,22.7
Tomato,Zaid,5.35,6.84,55,143,22.4
Tomato,Zaid,5.31,6.96,58,153,22.6
Tomato,Zaid,5.51,6.96,49,154,25.6
Onion,Rabi,6.11,7.59,58,123,17.3
Onion,Rabi,6.12,7.48,46,129,18.9
Onion,Rabi,6.08,7.44,55,119,18.5
Onion,Rabi,5.8,7.47,52,114,20.2
Onion,Rabi,6.14,7.39,59,111,22.4
Onion,Rabi,6.16,7.68,52,127,22.4
Onion,Rabi,5.83,7.64,44,124,18
Onion,Rabi,5.98,7.38,50,112,18.5
Onion,Rabi,5.99,7.37,49,119,21.7
Onion,Rabi,5.94,7.36,40,122,19.1
Onion,Rabi,5.86,7.31,52,120,20.3
Onion,Rabi,6.13,7.46,49,113,19.4
Onion,Rabi,5.88,7.3,44,114,18.7
Onion,Rabi,5.84,7.49,56,123,20.3
Onion,Rabi,5.86,7.43,55,112,17.9
Onion,Rabi,5.96,7.65,40,128,22.6
Onion,Rabi,5.87,7.57,52,127,18.4
Onion,Rabi,6.07,7.47,47,127,22.5
Onion,Rabi,5.92,7.62,40,116,20
Onion,Rabi,5.99,7.54,42,129,22.9
Onion,Rabi,5.97,7.37,42,115,18.8
Onion,Rabi,6.19,7.45,46,127,21.9
Onion,Rabi,5.92,7.65,43,117,21.4
Onion,Rabi,5.83,7.58,40,119,18.6
Onion,Rabi,6.05,7.32,55,119,19.2
Onion,Rabi,6.04,7.58,40,129,20.5
Onion,Rabi,6.01,7.56,55,121,18.2
Onion,Rabi,6.15,7.4,54,124,19.1
Onion,Rabi,6.11,7.64,58,112,18.7
Onion,Rabi,6.1,7.31,40,118,20.6
Onion,Rabi,5.98,7.4,51,113,17.6
Onion,Rabi,5.93,7.52,49,114,22.3
Onion,Rabi,5.89,7.51,44,114,19.1
Onion,Rabi,6.07,7.48,55,126,18.6
Onion,Rabi,6.08,7.66,41,125,19.1
Onion,Rabi,5.82,7.55,53,126,22.1
Onion,Rabi,6.15,7.57,40,119,19.1
Onion,Rabi,5.82,7.4,45,123,22.2
Onion,Rabi,5.95,7.34,43,110,17.6
Onion,Rabi,5.99,7.37,58,110,18.3
Onion,Rabi,6.11,7.69,49,128,21.6
Onion,Rabi,5.81,7.44,52,127,17.2
Onion,Rabi,5.92,7.5,59,111,19.8
Onion,Rabi,6.12,7.32,59,128,19.5
Onion,Rabi,5.82,7.43,53,128,21.2
Onion,Rabi,5.85,7.36,40,128,18.6
Onion,Rabi,6.19,7.45,50,125,19.5
Onion,Rabi,5.85,7.68,49,118,18.8
Onion,Rabi,5.83,7.67,57,118,17.4
Onion,Rabi,5.86,7.5,53,128,18.5
Onion,Rabi,5.97,7.62,50,123,21.7
Onion,Rabi,6.02,7.37,48,123,18.4
Onion,Rabi,6.1,7.7,55,126,17.8
Onion,Rabi,6.08,7.52,55,112,20.2
Onion,Rabi,6.14,7.41,47,114,20.1
Onion,Rabi,6.19,7.58,42,119,18.4
Onion,Rabi,6.17,7.46,58,111,20.3
Onion,Rabi,6.07,7.6,56,119,19
Onion,Rabi,6.12,7.54,40,121,19.5
Onion,Rabi,5.8,7.63,57,127,18
Onion,Rabi,5.89,7.36,51,117,22.9
Onion,Rabi,6.07,7.53,53,118,20.9
Onion,Rabi,5.81,7.38,46,124,19.4
Onion,Rabi,5.98,7.56,43,120,19.8
Onion,Rabi,5.87,7.63,44,120,19.2
Onion,Rabi,6.09,7.43,41,116,18.4
Onion,Rabi,5.99,7.35,48,119,20.7
Onion,Rabi,6.18,7.67,46,115,18.9
Onion,Rabi,5.85,7.55,53,123,21.7
Onion,Rabi,6.06,7.41,58,118,22.1
Onion,Rabi,6.19,7.63,56,127,17.6
Onion,Rabi,5.81,7.66,57,112,17.4
Onion,Rabi,6.05,7.68,54,127,21.8
Onion,Rabi,5.82,7.55,43,121,19.9
Onion,Rabi,6.03,7.59,45,116,20.7
Onion,Rabi,5.81,7.46,49,126,19.8
Onion,Rabi,5.83,7.48,50,114,19.9
Onion,Rabi,6.08,7.52,56,128,19.2
Onion,Rabi,6.01,7.42,48,125,21.1
Onion,Rabi,6.11,7.66,53,119,21.6
Onion,Rabi,6.01,7.32,54,117,22.3
Onion,Rabi,5.94,7.68,49,126,22.8
Onion,Rabi,5.94,7.33,59,117,20.3
Onion,Rabi,5.93,7.68,56,120,18.9
Onion,Rabi,5.86,7.58,40,117,18
Onion,Rabi,6.1,7.41,47,114,21.5
Onion,Rabi,5.96,7.7,57,119,22.9
Onion,Rabi,6.06,7.5,41,121,18
Onion,Rabi,6.02,7.42,58,111,21.8
Onion,Rabi,6.16,7.53,58,116,22.5
Onion,Rabi,5.97,7.56,48,123,21.9
Onion,Rabi,6.02,7.32,52,124,21.7
Onion,Rabi,6.16,7.53,57,127,21.4
Onion,Rabi,5.98,7.62,40,125,19.2
Onion,Rabi,6.04,7.61,45,113,21.3
Onion,Rabi,6.06,7.4,50,123,22.7
Onion,Rabi,6.05,7.69,56,110,21.5
Onion,Rabi,6.07,7.67,56,119,20.5
Onion,Rabi,5.94,7.55,59,122,19.8
Onion,Rabi,6.02,7.65,44,116,19.2
Potato,Rabi,5.6,6.32,48,127,21.7
Potato,Rabi,5.4,6.35,57,120,19.6
Potato,Rabi,5.67,6.45,44,126,22.6
Potato,Rabi,5.4,6.5,48,114,21.8
Potato,Rabi,5.39,6.56,52,112,19.1
Potato,Rabi,5.35,6.43,51,129,25
Potato,Rabi,5.61,6.67,45,117,23.1
Potato,Rabi,5.36,6.62,43,110,21.7
Potato,Rabi,5.31,6.31,46,126,19.7
Potato,Rabi,5.65,6.65,44,114,24.9
Potato,Rabi,5.66,6.35,49,127,23.6
Potato,Rabi,5.69,6.46,57,122,19.6
Potato,Rabi,5.47,6.32,51,127,24.1
Potato,Rabi,5.53,6.6,40,127,24.7
Potato,Rabi,5.31,6.64,44,110,22.4
Potato,Rabi,5.33,6.49,51,125,23.7
Potato,Rabi,5.66,6.7,44,119,20.2
Potato,Rabi,5.56,6.33,40,118,19.5
Potato,Rabi,5.54,6.41,44,117,19.3
Potato,Rabi,5.42,6.36,54,127,21
Potato,Rabi,5.67,6.63,46,120,21.3
Potato,Rabi,5.34,6.39,58,113,24
Potato,Rabi,5.51,6.55,51,121,24
Potato,Rabi,5.47,6.41,41,126,20
Potato,Rabi,5.36,6.38,42,125,23.8
Potato,Rabi,5.69,6.64,40,111,24.6
Potato,Rabi,5.69,6.69,55,125,22.6
Potato,Rabi,5.52,6.37,49,128,23.4
Potato,Rabi,5.46,6.58,50,114,21.7
Potato,Rabi,5.46,6.49,55,110,24.2
Potato,Rabi,5.59,6.33,51,116,24.4
Potato,Rabi,5.42,6.51,56,110,22.7
Potato,Rabi,5.63,6.42,47,116,21
Potato,Rabi,5.36,6.58,41,114,21.3
Potato,Rabi,5.65,6.53,54,118,19.5
Potato,Rabi,5.43,6.37,47,110,22.4
Potato,Rabi,5.47,6.53,47,119,19.2
Potato,Rabi,5.64,6.5,52,113,20.6
Potato,Rabi,5.48,6.62,51,128,24.1
Potato,Rabi,5.7,6.44,45,122,20.6
Potato,Rabi,5.37,6.58,53,128,21.7
Potato,Rabi,5.58,6.34,59,128,21.5
Potato,Rabi,5.49,6.62,43,116,23.6
Potato,Rabi,5.6,6.44,50,124,19.4
Potato,Rabi,5.54,6.68,51,114,21.5
Potato,Rabi,5.34,6.5,57,127,19.1
Potato,Rabi,5.38,6.46,42,113,24.7
Potato,Rabi,5.31,6.37,50,120,24.5
Potato,Rabi,5.52,6.33,58,128,20.2
Potato,Rabi,5.51,6.38,55,121,22.9
Potato,Rabi,5.65,6.56,54,119,24.7
Potato,Rabi,5.33,6.6,45,123,22.7
Potato,Rabi,5.37,6.47,48,111,21.7
Potato,Rabi,5.62,6.51,54,117,20.5
Potato,Rabi,5.35,6.56,48,112,24.9
Potato,Rabi,5.39,6.56,47,122,20.3
Potato,Rabi,5.31,6.43,51,123,21.8
Potato,Rabi,5.56,6.36,47,116,21.3
Potato,Rabi,5.47,6.36,49,110,20.2
Potato,Rabi,5.36,6.31,41,124,20.4
Potato,Rabi,5.44,6.39,40,111,24.6
Potato,Rabi,5.68,6.68,43,119,22.5
Potato,Rabi,5.55,6.6,56,120,19.1
Potato,Rabi,5.55,6.66,49,116,22.9
Potato,Rabi,5.65,6.32,41,115,24.8
Potato,Rabi,5.51,6.42,45,112,21.8
Potato,Rabi,5.37,6.45,50,123,24.7
Potato,Rabi,5.39,6.54,51,124,24.2
Potato,Rabi,5.6,6.67,58,119,20.1
Potato,Rabi,5.4,6.37,54,111,21.4
Potato,Rabi,5.42,6.45,51,129,23.6
Potato,Rabi,5.57,6.68,51,129,20.7
Potato,Rabi,5.57,6.51,55,120,19.1
Potato,Rabi,5.64,6.6,50,112,24
Potato,Rabi,5.53,6.66,47,124,21.9
Potato,Rabi,5.66,6.53,58,114,19.9
Potato,Rabi,5.55,6.47,43,125,23.5
Potato,Rabi,5.4,6.36,43,112,25
Potato,Rabi,5.35,6.51,57,110,24.1
Potato,Rabi,5.44,6.62,42,114,19.6
Potato,Rabi,5.57,6.59,44,125,21.1
Potato,Rabi,5.66,6.34,59,115,20.2
Potato,Rabi,5.33,6.42,54,125,22.6
Potato,Rabi,5.59,6.32,56,119,22.6
Potato,Rabi,5.37,6.37,43,117,20.7
Potato,Rabi,5.34,6.34,59,125,19.5
Potato,Rabi,5.37,6.41,44,114,20.1
Potato,Rabi,5.66,6.47,52,123,24
Potato,Rabi,5.54,6.69,47,119,19.1
Potato,Rabi,5.38,6.47,46,127,22.3
Potato,Rabi,5.33,6.56,50,126,21.5
Potato,Rabi,5.63,6.67,59,123,21.5
Potato,Rabi,5.37,6.44,58,118,20.5
Potato,Rabi,5.45,6.42,53,117,25
Potato,Rabi,5.44,6.65,54,119,25
Potato,Rabi,5.4,6.44,57,129,23.9
Potato,Rabi,5.35,6.38,56,110,22.3
Potato,Rabi,5.67,6.57,43,126,21.5
Potato,Rabi,5.34,6.42,52,117,22.7
Potato,Rabi,5.58,6.37,50,113,21.9
Chilli,Kharif,5.83,7.3,57,153,15.4
Chilli,Kharif,6.02,7.35,62,154,19.3
Chilli,Kharif,5.84,7.53,61,150,15.4
Chilli,Kharif,5.94,7.42,67,141,17.9
Chilli,Kharif,5.88,7.57,68,152,19
Chilli,Kharif,6.15,7.41,52,140,16.8
Chilli,Kharif,6.11,7.61,65,141,19.5
Chilli,Kharif,6.1,7.36,51,146,19.2
Chilli,Kharif,6.11,7.59,62,157,20.5
Chilli,Kharif,6.15,7.39,62,145,20.4
Chilli,Kharif,5.99,7.58,50,154,20.9
Chilli,Kharif,6.18,7.36,60,157,18
Chilli,Kharif,6.06,7.49,53,159,18.3
Chilli,Kharif,6.2,7.38,66,146,20.8
Chilli,Kharif,6.18,7.32,63,140,17.1
Chilli,Kharif,5.94,7.38,66,155,16.8
Chilli,Kharif,6.05,7.38,61,140,18.6
Chilli,Kharif,5.88,7.41,67,140,20.4
Chilli,Kharif,6.05,7.5,66,149,16.8
Chilli,Kharif,5.85,7.55,62,157,21
Chilli,Kharif,6.13,7.5,50,140,15.3
Chilli,Kharif,6.1,7.37,57,144,17.4
Chilli,Kharif,5.96,7.61,66,157,18.7
Chilli,Kharif,6.17,7.56,55,155,16.9
Chilli,Kharif,6.12,7.55,50,147,15.8
Chilli,Kharif,6.05,7.42,59,148,19.5
Chilli,Kharif,6.19,7.52,61,147,16.5
Chilli,Kharif,6.05,7.61,53,157,20.6
Chilli,Kharif,5.87,7.33,67,147,15.7
Chilli,Kharif,5.86,7.55,64,142,16.7
Chilli,Kharif,5.97,7.52,68,147,18
Chilli,Kharif,5.97,7.43,51,159,18.5
Chilli,Kharif,5.98,7.59,68,142,20.6
Chilli,Kharif,6.14,7.37,64,145,17
Chilli,Kharif,5.94,7.39,67,158,15.1
Chilli,Kharif,6.14,7.62,51,143,16.6
Chilli,Kharif,5.96,7.5,51,153,17.6
Chilli,Kharif,5.83,7.66,59,141,19.5
Chilli,Kharif,5.84,7.57,50,152,15.7
Chilli,Kharif,5.98,7.64,57,151,20.7
Chilli,Kharif,6.17,7.52,52,150,17.8
Chilli,Kharif,5.86,7.59,63,144,19.8
Chilli,Kharif,6.01,7.32,60,148,16.8
Chilli,Kharif,5.96,7.53,60,146,15.7
Chilli,Kharif,5.87,7.65,66,146,16.1
Chilli,Kharif,6.1,7.37,62,155,19.9
Chilli,Kharif,5.96,7.34,50,143,15.8
Chilli,Kharif,5.87,7.51,60,145,17.8
Chilli,Kharif,5.91,7.49,60,156,16
Chilli,Kharif,5.93,7.43,62,142,15.3
Chilli,Kharif,6.04,7.64,64,152,15.3
Chilli,Kharif,5.9,7.51,65,154,20.8
Chilli,Kharif,6.07,7.65,51,158,16.2
Chilli,Kharif,5.96,7.51,66,143,18.4
Chilli,Kharif,5.96,7.5,66,158,19.1
Chilli,Kharif,5.96,7.34,57,143,19.1
Chilli,Kharif,5.84,7.63,50,149,20.9
Chilli,Kharif,6.05,7.53,61,150,17.2
Chilli,Kharif,6.16,7.67,50,157,18.1
Chilli,Kharif,6.13,7.51,50,154,16.3
Chilli,Kharif,5.94,7.54,65,152,18.1
Chilli,Kharif,5.95,7.36,69,151,18.1
Chilli,Kharif,5.9,7.67,55,147,15.2
Chilli,Kharif,6.09,7.54,65,148,18
Chilli,Kharif,6.11,7.4,67,156,17.7
Chilli,Kharif,5.97,7.53,54,141,20.5
Chilli,Kharif,6.16,7.54,63,145,15.9
Chilli,Kharif,6.18,7.48,56,157,20.5
Chilli,Kharif,6.18,7.51,50,154,18.5
Chilli,Kharif,6.03,7.54,53,142,15.3
Chilli,Kharif,6.1,7.46,65,149,18.4
Chilli,Kharif,6.14,7.6,62,156,15
Chilli,Kharif,6.06,7.58,54,149,15.5
Chilli,Kharif,6.04,7.36,61,156,18.1
Chilli,Kharif,6.1,7.35,61,153,20.2
Chilli,Kharif,6.14,7.54,64,145,17.8
Chilli,Kharif,5.96,7.44,60,146,20.2
Chilli,Kharif,5.96,7.63,52,142,16.7
Chilli,Kharif,5.95,7.65,69,140,20
Chilli,Kharif,5.9,7.5,62,153,16.7
Chilli,Kharif,6.16,7.3,58,155,18.5
Chilli,Kharif,5.97,7.4,60,144,18.3
Chilli,Kharif,6.02,7.32,54,142,19.4
Chilli,Kharif,5.86,7.66,69,153,20.3
Chilli,Kharif,5.99,7.44,60,158,15.8
Chilli,Kharif,5.96,7.46,60,146,19.4
Chilli,Kharif,6.02,7.39,56,151,16.3
Chilli,Kharif,5.95,7.67,60,153,20.8
Chilli,Kharif,6.02,7.5,53,143,18.4
Chilli,Kharif,6.1,7.42,66,159,19.3
Chilli,Kharif,6.05,7.43,59,156,16.3
Chilli,Kharif,6.18,7.37,69,141,19.5
Chilli,Kharif,6.09,7.61,64,144,16.5
Chilli,Kharif,6.1,7.35,51,143,20.8
Chilli,Kharif,6.06,7.32,65,154,19
Chilli,Kharif,6.14,7.56,67,140,20.9
Chilli,Kharif,6.07,7.53,53,141,16.6
Chilli,Kharif,5.85,7.32,61,153,18.4
Chilli,Kharif,5.97,7.65,59,143,20.8
Chilli,Kharif,6.15,7.56,68,149,20.6
Banana,Annual,6.02,7.41,129,240,36.7
Banana,Annual,6.01,7.58,110,259,36.8
Banana,Annual,6.03,7.44,121,248,35.8
Banana,Annual,5.81,7.57,112,242,32.3
Banana,Annual,5.99,7.41,117,245,34.1
Banana,Annual,6.13,7.39,125,243,32.3
Banana,Annual,5.9,7.52,123,255,37.9
Banana,Annual,5.87,7.3,112,242,34.2
Banana,Annual,6.04,7.48,112,258,33.6
Banana,Annual,5.97,7.57,111,251,37.1
Banana,Annual,6.2,7.63,115,243,34.1
Banana,Annual,5.99,7.56,124,253,32.2
Banana,Annual,5.89,7.66,118,246,34.8
Banana,Annual,5.96,7.52,120,243,32.2
Banana,Annual,6.1,7.67,122,248,37.2
Banana,Annual,6.09,7.47,129,251,37.3
Banana,Annual,5.88,7.46,124,242,33.1
Banana,Annual,5.95,7.57,111,249,33.7
Banana,Annual,5.88,7.53,119,243,32.4
Banana,Annual,6.03,7.49,125,257,34.3
Banana,Annual,5.94,7.55,129,258,34.7
Banana,Annual,6.08,7.58,115,253,35.7
Banana,Annual,5.81,7.33,111,253,34.5
Banana,Annual,5.94,7.33,111,244,37.4
Banana,Annual,5.98,7.42,119,242,37.5
Banana,Annual,6.11,7.43,117,246,34.6
Banana,Annual,6,7.31,121,258,34.5
Banana,Annual,6.16,7.7,120,249,33.5
Banana,Annual,5.93,7.3,127,243,32.1
Banana,Annual,6.02,7.33,129,256,36.9
Banana,Annual,6.06,7.38,126,254,33.1
Banana,Annual,6.06,7.59,127,245,33.3
Banana,Annual,6.11,7.62,122,258,33.3
Banana,Annual,6.08,7.49,117,244,37.5
Banana,Annual,6.05,7.62,110,241,34
Banana,Annual,6.05,7.33,127,241,33.4
Banana,Annual,6.14,7.35,115,253,32.7
Banana,Annual,6.16,7.37,113,256,38
Banana,Annual,6.19,7.58,129,254,35.3
Banana,Annual,6.18,7.7,110,248,37.7
Banana,Annual,5.93,7.62,112,240,32.3
Banana,Annual,5.84,7.59,120,251,37.3
Banana,Annual,6,7.63,116,240,36.9
Banana,Annual,5.8,7.62,123,248,35.4
Banana,Annual,6.07,7.43,123,253,37.4
Banana,Annual,6.04,7.52,119,255,32.1
Banana,Annual,5.96,7.69,110,248,35.3
Banana,Annual,6.01,7.48,125,242,37.5
Banana,Annual,6.12,7.51,127,255,32.9
Banana,Annual,6.17,7.47,125,255,36.4
Banana,Annual,6.18,7.43,129,248,37.6
Banana,Annual,6.17,7.53,125,248,37.1
Banana,Annual,5.8,7.42,115,246,36.7
Banana,Annual,5.87,7.43,111,244,37.5
Banana,Annual,5.93,7.53,112,256,37.6
Banana,Annual,5.82,7.39,116,253,35.1
Banana,Annual,5.89,7.41,123,259,34.6
Banana,Annual,5.84,7.41,124,240,36.5
Banana,Annual,6.16,7.46,129,243,33.4
Banana,Annual,5.87,7.44,121,241,36
Banana,Annual,5.89,7.62,126,257,36.7
Banana,Annual,5.97,7.54,117,256,32.7
Banana,Annual,6.08,7.36,114,240,33.4
Banana,Annual,5.81,7.39,115,258,33.5
Banana,Annual,5.89,7.31,120,244,37.1
Banana,Annual,6.09,7.53,129,246,36.9
Banana,Annual,6.09,7.31,115,243,32.1
Banana,Annual,5.93,7.69,115,253,32.7
Banana,Annual,6,7.69,114,252,36.3
Banana,Annual,6.13,7.33,118,250,35.5
Banana,Annual,5.82,7.6,121,251,33.2
Banana,Annual,5.86,7.57,113,243,34.6
Banana,Annual,6.17,7.53,128,255,37.3
Banana,Annual,6,7.65,117,248,35.5
Banana,Annual,5.93,7.58,111,245,35.3
Banana,Annual,6.03,7.69,123,254,32.8
Banana,Annual,5.98,7.49,113,248,32.5
Banana,Annual,6.06,7.57,114,241,37
Banana,Annual,6.07,7.69,116,256,33.4
Banana,Annual,5.97,7.64,111,243,35.7
Banana,Annual,6.03,7.42,110,251,33.2
Banana,Annual,5.95,7.42,113,244,33.1
Banana,Annual,6.14,7.56,116,245,36.2
Banana,Annual,5.86,7.55,111,257,35.8
Banana,Annual,5.8,7.38,117,248,37.3
Banana,Annual,6.12,7.46,119,258,36.2
Banana,Annual,6.05,7.38,123,256,36.9
Banana,Annual,5.93,7.32,117,259,33.6
Banana,Annual,5.98,7.4,111,242,35.8
Banana,Annual,5.95,7.56,126,255,34.1
Banana,Annual,5.84,7.35,126,258,35.8
Banana,Annual,6.07,7.3,122,255,34.7
Banana,Annual,6.18,7.38,118,249,37.3
Banana,Annual,6.12,7.33,123,241,37.1
Banana,Annual,6.14,7.48,112,253,35
Banana,Annual,6.15,7.35,124,244,37.2
Banana,Annual,5.96,7.32,121,256,35.2
Banana,Annual,6.17,7.68,111,250,36.4
Banana,Annual,6.09,7.49,112,249,37.5
Banana,Annual,6.06,7.46,118,240,36.2
Mango,Annual,5.41,7.61,102,199,42.5
Mango,Annual,5.43,7.61,97,198,37.6
Mango,Annual,5.7,7.67,107,197,40.2
Mango,Annual,5.33,7.52,109,194,42.3
Mango,Annual,5.35,7.61,90,201,38.7
Mango,Annual,5.44,7.52,99,205,39.9
Mango,Annual,5.39,7.6,102,205,41
Mango,Annual,5.63,7.65,91,207,42.7
Mango,Annual,5.4,7.43,105,195,39.1
Mango,Annual,5.61,7.61,92,195,40.7
Mango,Annual,5.63,7.54,90,200,38.7
Mango,Annual,5.46,7.32,97,205,39.4
Mango,Annual,5.66,7.5,105,206,38.5
Mango,Annual,5.42,7.39,108,203,38.9
Mango,Annual,5.7,7.47,104,209,42.2
Mango,Annual,5.33,7.35,105,201,42.6
Mango,Annual,5.66,7.47,98,190,42.5
Mango,Annual,5.34,7.59,93,207,41.7
Mango,Annual,5.53,7.67,101,200,37.9
Mango,Annual,5.5,7.45,103,194,37
Mango,Annual,5.52,7.53,97,208,39.2
Mango,Annual,5.64,7.38,109,205,38.8
Mango,Annual,5.46,7.63,103,199,42.1
Mango,Annual,5.43,7.33,91,198,39.6
Mango,Annual,5.3,7.31,101,198,40.5
Mango,Annual,5.45,7.35,109,205,41.2
Mango,Annual,5.65,7.56,97,191,39.2
Mango,Annual,5.62,7.32,96,194,41.3
Mango,Annual,5.57,7.62,106,196,38.7
Mango,Annual,5.47,7.32,103,200,39.3
Mango,Annual,5.53,7.57,90,190,37.8
Mango,Annual,5.41,7.61,92,202,41.1
Mango,Annual,5.49,7.38,93,190,41.2
Mango,Annual,5.58,7.64,99,200,39.3
Mango,Annual,5.48,7.41,107,205,38.9
Mango,Annual,5.65,7.4,96,205,42.8
Mango,Annual,5.42,7.57,98,193,42.9
Mango,Annual,5.58,7.65,100,194,37.8
Mango,Annual,5.68,7.65,106,205,41.5
Mango,Annual,5.55,7.32,92,193,38.7
Mango,Annual,5.35,7.37,108,202,39
Mango,Annual,5.34,7.66,106,202,40.1
Mango,Annual,5.62,7.38,106,196,39.2
Mango,Annual,5.61,7.32,94,208,38.1
Mango,Annual,5.31,7.48,91,193,37.2
Mango,Annual,5.64,7.6,101,207,41.8
Mango,Annual,5.31,7.63,98,204,41.3
Mango,Annual,5.7,7.42,91,198,41.2
Mango,Annual,5.49,7.68,109,196,42.6
Mango,Annual,5.51,7.31,100,202,39
Mango,Annual,5.68,7.67,100,198,42.1
Mango,Annual,5.48,7.68,105,193,37.3
Mango,Annual,5.6,7.69,105,207,42.8
Mango,Annual,5.41,7.42,104,203,42.5
Mango,Annual,5.41,7.54,108,192,41.6
Mango,Annual,5.66,7.66,92,199,41.8
Mango,Annual,5.31,7.54,109,194,38.3
Mango,Annual,5.69,7.43,95,198,41.6
Mango,Annual,5.37,7.47,107,209,40
Mango,Annual,5.48,7.51,99,203,38.3
Mango,Annual,5.69,7.42,90,204,38.3
Mango,Annual,5.56,7.6,99,209,40
Mango,Annual,5.42,7.68,105,203,41.4
Mango,Annual,5.4,7.33,109,196,42
Mango,Annual,5.43,7.43,101,195,39.7
Mango,Annual,5.38,7.55,103,203,38.3
Mango,Annual,5.54,7.62,91,199,42.8
Mango,Annual,5.7,7.44,95,208,42.4
Mango,Annual,5.56,7.37,97,205,40.2
Mango,Annual,5.38,7.36,93,209,40.4
Mango,Annual,5.65,7.55,98,196,41.1
Mango,Annual,5.68,7.41,108,200,42.4
Mango,Annual,5.38,7.46,98,197,41.4
Mango,Annual,5.65,7.52,95,201,37.4
Mango,Annual,5.5,7.62,102,195,42.5
Mango,Annual,5.61,7.49,93,194,37.2
Mango,Annual,5.36,7.49,108,191,40.2
Mango,Annual,5.67,7.5,97,199,37.9
Mango,Annual,5.46,7.63,103,206,38.1
Mango,Annual,5.69,7.51,94,209,41.6
Mango,Annual,5.56,7.3,104,197,37.1
Mango,Annual,5.58,7.51,94,202,38.2
Mango,Annual,5.45,7.56,94,204,38.9
Mango,Annual,5.51,7.47,96,195,40.3
Mango,Annual,5.48,7.69,93,200,37.4
Mango,Annual,5.35,7.45,106,192,37.9
Mango,Annual,5.37,7.57,104,199,37.4
Mango,Annual,5.35,7.67,105,198,40.9
Mango,Annual,5.56,7.37,91,190,37.2
Mango,Annual,5.34,7.4,108,195,40.3
Mango,Annual,5.59,7.56,101,204,42.6
Mango,Annual,5.54,7.39,96,192,38.4
Mango,Annual,5.54,7.6,99,195,37.5
Mango,Annual,5.43,7.66,105,190,42.3
Mango,Annual,5.61,7.31,90,196,39
Mango,Annual,5.66,7.55,94,202,38.3
Mango,Annual,5.3,7.36,92,197,42.9
Mango,Annual,5.47,7.36,93,203,41.8
Mango,Annual,5.6,7.37,90,200,38.3
Mango,Annual,5.62,7.62,109,204,40
